"","CD8.T","Other.immune","DC...Mono","CD3.T","B","NK","Keratin.positive.tumor","Tumor","CD4.T","Mesenchymal.like","Macrophages","Endothelial","Tregs","DC","Mono...Neu","Neutrophils","bb"
"1",0,0.0239333906789383,0,0,0.939926420726099,0,0,0,0.0272314918593235,0.00890869673563945,0,0,0,0,0,0,"bb1"
"2",0,0.0118361731925978,0,0.00371843094515097,0.946488172014242,0,0.00635387140926346,0,0.0270038874088641,0.00459946502988134,0,0,0,0,0,0,"bb1"
"3",0,0,0,0,0.88347333318354,0,0,0,0.103458192589538,0,0.0130684742269211,0,0,0,0,0,"bb1"
"4",0.00330831998197009,0,0,0,0.909860403910372,0,0.00312137640530573,0,0.083709899702352,0,0,0,0,0,0,0,"bb1"
"5",0.00519560851052513,0,0,0,0.874988622126133,0,0,0,0.112309929959716,0,0.00750583940362524,0,0,0,0,0,"bb1"
"6",0.0279357848844593,0,0,0.00337886564183363,0.892624195698046,0,0,0,0.0724307175596495,0,0.00363043621601119,0,0,0,0,0,"bb1"
"7",0.00332433799564865,0,0,0,0.921808489091003,0,0,0,0.0748671729133488,0,0,0,0,0,0,0,"bb1"
"8",0.00362209920414625,0,0,0,0.892466493715336,0,0,0,0.100352938734546,0,0.00355846834597122,0,0,0,0,0,"bb1"
"9",0,0,0,0,0.901764936475426,0,0,0,0.0848960562169041,0,0.0133390073076701,0,0,0,0,0,"bb1"
"10",0.644028473915626,0,0.00632824329786105,0.00360232648384878,0,0.0387626932724589,0.0334281549075179,0,0.223072309122536,0,0.0135833903069545,0,0,0.0371944086931975,0,0,"bb2"
"11",0.447534128740275,0,0.0210759179503861,0.0126333691113683,0.0138120013267123,0.0405832052915998,0,0,0.404565302997058,0,0.0450205968352835,0,0,0.00357599723991518,0,0.0111994805074015,"bb2"
"12",0.602810750636817,0,0.00218936205993951,0.00253300260346787,0,0.0129994748959676,0.0241646993883322,0,0.29979412164592,0,0.0356918127002574,0,0,0.0111923926402758,0,0.00862438342902244,"bb2"
"13",0.604331743748068,0,0.00307092070657993,0.00254012114854626,0,0.0492152614257046,0,0,0.308270319472253,0,0.00891002519077587,0.00248334688669105,0,0.00973270168633705,0,0.0114455597350435,"bb2"
"14",0.630552755362376,0,0.0178909561369286,0,0,0.0475648930744941,0.0375716266451321,0,0.233690521200956,0,0.00724290913564493,0,0,0.0254863384444683,0,0,"bb2"
"15",0.629167964306557,0,0.0244327730347931,0.00324695286552001,0,0.0194443206448814,0.01048565450282,0,0.276027663885884,0,0.0045417566830827,0,0,0.0326529140764613,0,0,"bb2"
"16",0.473209029165974,0,0.0284030329811226,0.00197498419624489,0.00580997657247782,0.0156701740248521,0.00278619649473735,0,0.407632408985397,0,0.0310454131185048,0.00243704587039251,0.027447588510959,0,0.0035841500793382,0,"bb2"
"17",0.350842778295439,0,0.00214476828548561,0.0172680713014,0,0,0,0,0.59337121268606,0,0.00968291954824152,0,0.0227630709579159,0.00392717892545796,0,0,"bb2"
"18",0.279401122279849,0.00233003967509423,0.0565094167385005,0.00352448223908316,0,0.0254610845643529,0.0187346666084522,0,0.576365766889541,0,0,0,0.0147284665926115,0.022944954412515,0,0,"bb2"
"19",0.309345743826535,0.00390848905584355,0.0464856621604414,0.0132407273633692,0.0114181992683417,0.0101631531584532,0.0273343155034157,0,0.518509845723073,0,0.0435443804101903,0,0,0,0,0.0160494835303375,"bb2"
"20",0.484101710362571,0,0.0130303061034827,0,0,0.0386427808445208,0.00696016208869998,0,0.334459013822702,0,0.0945883465201587,0,0,0.00336000542437021,0,0.0248576748334941,"bb2"
"21",0.492364116444144,0,0.00416200190684451,0.0130305460494777,0,0,0.022743414235093,0,0.403595927750013,0.00287644232156768,0.00357156308284336,0,0,0.0475383755619381,0,0.0101176126480784,"bb2"
"22",0,0,0,0,0,0,0.994389702788539,0.00561029721146074,0,0,0,0,0,0,0,0,"bb3"
"23",0,0,0,0,0,0,0.958153254408808,0.0203902058025412,0,0,0.00905155840434526,0,0,0,0,0.0124049813843051,"bb3"
"24",0,0,0,0,0,0,0.996504424552109,0,0,0,0,0,0,0,0.00349557544789071,0,"bb3"
"25",0.00416403891449507,0.00404789490382152,0,0,0,0,0.986871949841038,0,0,0,0,0,0,0,0.00491611634064574,0,"bb3"
"26",0,0,0,0,0,0,1,0,0,0,0,0,0,0,0,0,"bb3"
"27",0,0,0,0,0,0,0.99634356762597,0,0,0,0,0,0,0,0.0036564323740304,0,"bb3"
"28",0,0,0,0,0,0,1,0,0,0,0,0,0,0,0,0,"bb3"
"29",0,0,0,0,0,0,0.988440778081637,0.00757939650637451,0,0.00397982541198869,0,0,0,0,0,0,"bb3"
"30",0,0,0,0,0,0,1,0,0,0,0,0,0,0,0,0,"bb3"
"31",0.0285874274629705,0,0,0,0,0,0.948636894595817,0,0,0,0.00350055178507567,0.00405318258820306,0,0,0.0152219435679341,0,"bb3"
"32",0.0111284108185134,0,0,0,0,0,0.975737496052646,0,0,0,0.0131340931288405,0,0,0,0,0,"bb3"
"33",0.0527206683523842,0,0,0,0,0,0.932214254351022,0,0,0.00842453176061806,0.00664054553597623,0,0,0,0,0,"bb3"
"34",0.00494078186140333,0,0,0.00987495185099347,0,0,0.942904813331818,0,0,0,0.0261274630529858,0,0,0,0.00488947723593661,0.0112625126668629,"bb3"
"35",0.0363719357260776,0,0,0.0130580631814281,0,0,0.950570001092494,0,0,0,0,0,0,0,0,0,"bb3"
"36",0.0293696880241192,0,0,0.0127987074649376,0,0,0.957831604510943,0,0,0,0,0,0,0,0,0,"bb3"
"37",0.0406917402755273,0,0,0,0,0,0.935398477920574,0,0,0.00994132382536598,0.00918168330159228,0,0,0,0.00478677467694086,0,"bb3"
"38",0.0507622577265121,0,0,0.00939787903238058,0,0,0.935843658061966,0,0,0,0.00399620517914131,0,0,0,0,0,"bb3"
"39",0.0033389411824822,0,0,0,0,0,0.985041721234608,0,0,0,0.00481249278432211,0,0,0,0,0.0068068447985874,"bb3"
"40",0.00347145205194754,0,0,0.0177836876011171,0,0,0.954986116082559,0,0,0,0.0237587442643766,0,0,0,0,0,"bb3"
"41",0,0,0,0,0,0,1,0,0,0,0,0,0,0,0,0,"bb3"
"42",0,0,0,0,0,0,0.971957133039377,0,0,0,0.0147496362057607,0,0,0,0,0.0132932307548626,"bb3"
"43",0.00323492189622877,0,0,0,0,0,0.892668679063547,0,0,0,0,0,0,0,0,0.104096399040224,"bb3"
"44",0.00983729028845462,0,0,0,0,0,0.951241273935756,0,0,0,0,0,0,0,0,0.0389214357757892,"bb3"
"45",0,0,0,0,0,0,0.935548733620892,0,0,0,0.0450491783992387,0,0,0,0,0.0194020879798696,"bb3"
"46",0,0,0,0,0,0,0.898960675963129,0,0,0,0.0202013642533202,0,0,0,0.00738752736365882,0.0734504324198922,"bb3"
"47",0,0,0,0,0,0,0.979179686474795,0,0,0,0.0208203135252049,0,0,0,0,0,"bb3"
"48",0,0,0,0,0,0,0.996356470485621,0,0,0,0.00364352951437884,0,0,0,0,0,"bb3"
"49",0,0,0,0,0,0,0.934537709574094,0,0,0,0.0425613957908612,0,0,0,0,0.0229008946350445,"bb3"
"50",0,0.00344431000725849,0,0,0,0,0.931141268485318,0,0,0,0.0249160788479511,0,0,0,0.0146859217864384,0.0258124208730339,"bb3"
"51",0,0,0,0,0,0,0.972259359738604,0,0,0,0,0,0,0,0,0.0277406402613961,"bb3"
"52",0,0,0,0,0,0,0.964588164092917,0,0,0,0.0215389244679595,0,0,0,0,0.0138729114391235,"bb3"
"53",0,0,0,0,0,0,1,0,0,0,0,0,0,0,0,0,"bb3"
"54",0,0,0,0,0,0,1,0,0,0,0,0,0,0,0,0,"bb3"
"55",0,0,0,0,0,0,0.927217508012436,0.00575489305967128,0,0.0670275989278929,0,0,0,0,0,0,"bb3"
"56",0,0,0,0,0,0,0.995560291754458,0.00443970824554235,0,0,0,0,0,0,0,0,"bb3"
"57",0,0,0,0,0,0,0.989241523579235,0.0107584764207647,0,0,0,0,0,0,0,0,"bb3"
"58",0,0,0,0,0,0,0.93567865362381,0.0643213463761897,0,0,0,0,0,0,0,0,"bb3"
"59",0,0,0,0,0,0,0.951723539236589,0.0447310471474055,0,0.00354541361600598,0,0,0,0,0,0,"bb3"
"60",0,0,0,0,0,0,0.957584987174421,0.0334514687578791,0,0.0089635440677,0,0,0,0,0,0,"bb3"
"61",0,0,0,0,0,0,0.991621048884486,0.00447796917558765,0,0.00390098193992594,0,0,0,0,0,0,"bb3"
"62",0,0,0,0,0,0,0.944025274130678,0.0298594170917782,0,0.026115308777544,0,0,0,0,0,0,"bb3"
"63",0,0,0,0,0,0,0.989779994366395,0.0054347614216766,0,0.00478524421192798,0,0,0,0,0,0,"bb3"
"64",0,0,0,0,0,0,0.912073243505763,0.0714003289726487,0,0.0165264275215885,0,0,0,0,0,0,"bb3"
"65",0,0,0,0,0,0,1,0,0,0,0,0,0,0,0,0,"bb3"
"66",0,0,0,0,0,0,1,0,0,0,0,0,0,0,0,0,"bb3"
"67",0,0,0,0,0,0,0.946567294003428,0.0275800286136718,0,0.0258526773828999,0,0,0,0,0,0,"bb3"
"68",0,0,0,0,0,0,0.953740561179774,0.02801783655011,0,0.018241602270116,0,0,0,0,0,0,"bb3"
"69",0,0,0,0,0,0,1,0,0,0,0,0,0,0,0,0,"bb3"
"70",0,0,0,0,0,0,0.981685557465996,0.00790172187467546,0,0.0104127206593288,0,0,0,0,0,0,"bb3"
"71",0,0,0,0,0,0,0.933307327700856,0.0330894716074226,0,0.0336032006917214,0,0,0,0,0,0,"bb3"
"72",0,0,0,0,0,0,0.830224733449035,0.146147878630641,0,0.0236273879203241,0,0,0,0,0,0,"bb3"
"73",0,0,0,0,0,0,0.956807945838443,0,0,0,0.0351132236459809,0.00807883051557626,0,0,0,0,"bb3"
"74",0,0,0,0,0,0,0.957928730946847,0,0,0,0.0360079488415915,0.00606332021156155,0,0,0,0,"bb3"
"75",0,0,0,0,0,0,1,0,0,0,0,0,0,0,0,0,"bb3"
"76",0.0427852353488129,0.203294046280287,0.0590456006671881,0.082574729354001,0.023052223690949,0,0.0459758675587169,0.0184038531824628,0.0182619718158866,0.25788990189,0.248716570211696,0,0,0,0,0,"bb4"
"77",0.103062381116433,0.184344556340395,0.0602705358332311,0.0669672351984912,0.0244302896894508,0,0,0.0195999629302208,0.0178078608678231,0.248935823162245,0.257727620559354,0.0168537343023553,0,0,0,0,"bb4"
"78",0.0188245054765925,0.429498271417079,0,0.0888900756069465,0.0642437774130639,0,0,0,0.0335585133428422,0.0665315318052192,0.23483672130517,0.0292393751269613,0,0,0.0120601592615378,0.0223170692445881,"bb4"
"79",0.0700546178983577,0.202042055772093,0.036313183051596,0.0466331324886581,0,0,0,0,0.0447720737831108,0.136443839758186,0.318225275603904,0.107599183417823,0.00793375622276183,0,0.0299828820035087,0,"bb4"
"80",0.0315367957378647,0.252016129410922,0.00635354834406548,0.132581340776927,0.0326951850830063,0,0.0233416606692217,0,0.0550137612546165,0.0568173054039292,0.296307719082497,0.068882350724845,0.0221628124989013,0,0.00611759096363447,0.0161738000495687,"bb4"
"81",0.026612555771933,0.163969793008439,0,0.0793518713937244,0.0231580469590315,0,0,0,0.0341815274549996,0.116130563464241,0.310864481493107,0.0843005838448784,0.0325261846062177,0,0.0274163090708078,0.10148808293262,"bb4"
"82",0.0395639977673649,0.14824647673219,0,0.0311926164955757,0.0187193375088233,0,0.0210964832812372,0.0118987268108783,0.0711981823556232,0.103408120471428,0.432885165608438,0.0880851752827307,0,0,0.0337057176857104,0,"bb4"
"83",0,0.156240112736487,0.0239905410517591,0.0846977735123876,0.00924220192168652,0,0.0144224151153158,0,0.0485384605263815,0.0903988922525566,0.4880975239655,0.0562336928711834,0.013225450194236,0,0.0149129358525067,0,"bb4"
"84",0.0151011423313265,0.23115354164928,0.0119038302037303,0.0559796689931297,0.00460237481736199,0,0.00425615261761408,0,0.0232506748623068,0.0915626299382304,0.480329502755378,0.0305126338766045,0.0414557985097132,0,0.00989204944532438,0,"bb4"
"85",0.0222429048777295,0.408572662768893,0.0402014234234211,0.0739936963036896,0.0750714067215163,0,0.00978978407515343,0,0.0545833788934989,0.0574417457199103,0.0840259190607821,0.103763934090222,0.0376543209104001,0,0.024115562214709,0.00854326094007481,"bb4"
"86",0.0739215601217188,0.164274931347491,0,0.0752596993846376,0.0222236904398383,0,0.0101771003628383,0,0.00454775069501217,0.0763803769185339,0.337541230308543,0.0930888655109896,0.0343131439022751,0,0.0126676545507577,0.0956039964573646,"bb4"
"87",0.0260002423092056,0.102566982427385,0,0.0623870907199119,0,0,0.00481207586576894,0,0.07099091796201,0.0956852125239289,0.561004868379318,0.0647266575306736,0,0.00490229956559279,0.00692365271620462,0,"bb4"
"88",0.0246197114635886,0.141072666545168,0,0.0715326720995405,0.0261113002842287,0,0,0,0.0447829058182139,0.0980420977878708,0.368143211375982,0.0775039019545766,0.0225407947612347,0,0.0200197988277624,0.105630939081834,"bb4"
"89",0.0282814835820735,0.320746716406753,0,0.0604453892197373,0.0335360732869608,0,0,0,0.0656815580094247,0.129773039743237,0.201510372595475,0.00654048404281565,0.0589977489480247,0,0.0765809693271046,0.0179061648383945,"bb4"
"90",0,0.214006719531531,0.0209116144899312,0.0411646379656514,0.0808211715414317,0,0,0,0.0429605924802682,0.122729978388986,0.264668482375779,0.00881804219775224,0,0,0.0670807105292767,0.136838050499392,"bb4"
"91",0,0.151924531047218,0.0141157543805957,0.0768472698282126,0,0,0,0,0.0816907490274646,0.110791551676564,0.540267522073591,0.0120700066198205,0.00771240519030301,0,0.00458021015623034,0,"bb4"
"92",0.0818819720651576,0.0809213030043757,0,0,0,0,0,0,0.0536295011286951,0.142241810718629,0.374229401206608,0.159652010165595,0,0,0.100711297356709,0.00673270435423064,"bb4"
"93",0.0546088086640858,0.127799687742099,0,0,0,0,0.0427052012634202,0,0.0312563639736623,0.0976854686844187,0.464443086636844,0.0753803185925721,0,0.0289955895431595,0.0771254748997382,0,"bb4"
"94",0.00793566364739822,0.0835358127838526,0.0861666786517209,0,0,0,0,0,0.0490365411394914,0.0777951698638811,0.432999276507447,0.19365836762468,0,0.00887756315340247,0.0599949266281268,0,"bb4"
"95",0.114157254801753,0.0515365051407775,0.0225786581723164,0.0303281949258868,0,0,0,0,0.0639355585706608,0.277728191083111,0.173348731079699,0.126409512156051,0,0,0.139977394069744,0,"bb4"
"96",0,0.0664308906871399,0.0467417825509813,0.0105276093335379,0,0,0.0801004453953511,0,0,0.0716751265877821,0.494274169661575,0,0,0,0.0700969234859577,0.160153052297675,"bb4"
"97",0.037356849369626,0.104590924222009,0,0.032239538328276,0,0,0,0,0,0.502518420570785,0.116618934201207,0.0897272185968094,0,0,0.116948114711288,0,"bb4"
"98",0.101758373703015,0.0774060801307622,0.0197534909490484,0.0148291553476291,0,0,0.0541274077531771,0,0,0.356880042473149,0.213467745376517,0.132075732639045,0.00412397471073505,0,0.0255779969169226,0,"bb4"
"99",0.0126069620049612,0.199086709318677,0.013245381010098,0.0483067782046676,0,0,0,0,0.065074602297542,0.160820754445711,0.237561686227533,0.193899270711516,0,0,0.0693978557792938,0,"bb4"
"100",0.00861025611801758,0.0723535239915929,0.044395702271252,0,0,0,0,0,0.0396730256280971,0.108485676963082,0.601332848473139,0.0725935109332405,0,0,0.0525554556215794,0,"bb4"
"101",0.01264108656608,0.0673206014214772,0.0151423461113902,0.0500643566250431,0,0,0.0290635138280981,0,0,0.126650510049584,0.58882828485056,0,0,0,0.010586880760938,0.0997024197868296,"bb4"
"102",0.0196234801717204,0.0270897817309256,0,0.00705192479800584,0,0,0.0265663892281547,0,0,0.0698924464473249,0.760465161131227,0,0,0,0,0.0893108164926419,"bb4"
"103",0.00413839764371849,0.209483557315648,0.0992290681283276,0.0470465039539056,0,0,0,0,0.0448419604069045,0,0.453819987933492,0,0.00455633976478085,0,0.136884184853223,0,"bb4"
"104",0.0129992549902386,0.210511995913063,0.219965871498171,0.0472577523590381,0.0117866091127767,0,0.0158796294745439,0,0.0290138076870984,0.00520057377327343,0.25100439612491,0.0289119434217033,0,0,0.127849780277086,0.0396183853680974,"bb4"
"105",0.0279916678014632,0.208180294353193,0.0129385060235418,0.0360619882746874,0,0,0.0357847207747123,0,0,0.086390893376819,0.283127346338496,0.116029822620707,0,0,0.19349476043638,0,"bb4"
"106",0.0324374980046596,0.123763519709185,0.0340526604331763,0,0.00847210196878408,0,0.0516506224132075,0.257035489362088,0,0.24319905240531,0.236678317558822,0,0,0,0.0127107381447683,0,"bb4"
"107",0.0706476775882566,0.159896504000447,0.0768795547565281,0.013146316107691,0,0,0.0746802795599956,0.134668371465178,0,0.191968277490422,0.162121623352749,0,0,0,0.115991395678734,0,"bb4"
"108",0.0535219739206488,0.101276408785024,0,0,0,0,0.115520506689346,0.0543453068736059,0,0.365489935203178,0.256835553220253,0,0,0,0.0530103153079454,0,"bb4"
"109",0.0310958328614583,0.168707905601271,0.00554830994192549,0.040988971231389,0,0,0,0,0,0.0619443178183292,0.598884631790383,0.0054163148209462,0,0.0553063508920136,0.0321073650422849,0,"bb4"
"110",0.0387161693922363,0.170966551712008,0,0.0613946447641974,0.00302713830775249,0,0.0253587893963331,0,0.00750785025203673,0.0258231054862494,0.499382700318313,0.00681397193113949,0.0242283585369453,0.00611155886798334,0.130669161034805,0,"bb4"
"111",0,0.354508652496985,0.0319148679157626,0.107975499988679,0,0,0,0,0.0276460122682461,0.200264601367819,0.194668467696757,0.0330114401915475,0,0.0372720011198527,0.0127384569543506,0,"bb4"
"112",0,0.184849956309021,0.114250367347237,0.0234704393086786,0,0,0.00995374326395324,0,0.00962242527150071,0.102864691830867,0.424468779794141,0.0225972669239934,0,0.0701735114551607,0.0377488184954477,0,"bb4"
"113",0.0147680666849316,0.376306040005708,0.049429556434353,0.0740176423637358,0,0,0.0098474734986521,0,0.0242587281011475,0.21578878511789,0.108669944661065,0.030092197197115,0,0.0363079156068667,0.0605136503285356,0,"bb4"
"114",0.0232312639270366,0.161510418732117,0,0.0369842568462238,0,0,0,0,0,0.0628297165441041,0.631882518824206,0,0,0.0516137682111778,0.0319480569151345,0,"bb4"
"115",0.00432539559059946,0.309798150633157,0.0693495754911493,0.120895182339129,0,0,0,0,0.0054902280803269,0.202541766474063,0.133499847998052,0.0342202416450691,0.0170619854134259,0.0779812070856092,0.0248364192494191,0,"bb4"
"116",0.0340155889762847,0.145028342102409,0.144752321547018,0.0773989464010528,0,0,0,0,0.0245402678319262,0.0506984732622002,0.401060289809714,0.0226256514679432,0,0.0596427200610736,0.040237398540379,0,"bb4"
"117",0.0594412101932421,0.259064394535258,0.0499308372220941,0.0351711204732675,0,0,0.0389888680541697,0,0.0186623773002248,0.158647388457115,0.336915608936343,0.0170820611624187,0,0.00895808007025752,0.0171380535956093,0,"bb4"
"118",0,0.224023756283135,0.0191622391774173,0.0229412448883452,0,0,0.00934597168207389,0,0.0329981409122906,0.203049612460609,0.402865621924158,0.0260029409454661,0,0.028537335067122,0.031073136659383,0,"bb4"
"119",0.0240650338435812,0.0214773871513497,0.187522291464436,0.063939987668157,0,0,0.0387534234215432,0,0.0473206345938296,0.150686146559773,0.208619532222139,0.0449556323224453,0.0713466227682657,0,0.133579300204135,0.00773400778034524,"bb4"
"120",0,0.0232310207786323,0.0148625437641078,0.0604666403284178,0,0.0111118103610902,0.033986027023875,0,0.055554194676388,0.164309519147356,0.366937402885525,0.0333441086293998,0,0,0.236196732405209,0,"bb4"
"121",0,0,0,0,0,0,0,0.131573225430991,0,0.70110196493916,0.16732480962985,0,0,0,0,0,"bb4"
"122",0,0,0,0,0,0.251121538466908,0,0.0752477036688938,0,0.630651531232074,0.0429792266321242,0,0,0,0,0,"bb4"
"123",0,0,0,0,0,0,0.0531742700909854,0.0463768989814104,0,0.869307615938039,0.0311412149895651,0,0,0,0,0,"bb4"
"124",0,0,0,0,0,0,0.0858044335074327,0.0660976923061431,0,0.680358503133577,0.167739371052847,0,0,0,0,0,"bb4"
"125",0,0,0,0,0,0,0.111825655446383,0.0149891601289691,0,0.847499049781295,0.0256861346433533,0,0,0,0,0,"bb4"
"126",0,0,0,0,0,0,0.167204919139953,0.293916382080055,0,0.538878698779992,0,0,0,0,0,0,"bb4"
"127",0,0,0,0,0,0,0.103030722560348,0.113662536660846,0,0.574473552686095,0.208833188092711,0,0,0,0,0,"bb4"
"128",0,0,0,0,0,0,0.117784660847937,0.318476056565072,0,0.215638819981688,0.225062194274485,0,0,0,0.0321972431012438,0.0908410252295731,"bb4"
"129",NA,NA,NA,NA,NA,NA,NA,NA,NA,NA,NA,NA,NA,NA,NA,NA,"bb4"
"130",NA,NA,NA,NA,NA,NA,NA,NA,NA,NA,NA,NA,NA,NA,NA,NA,"bb4"
"131",0,0.0336986381227947,0.095970914413398,0.0278547527513739,0,0,0.11426720089294,0,0.0192190207563338,0.512257851460221,0.181078300691045,0,0,0,0.0156533209118941,0,"bb4"
"132",NA,NA,NA,NA,NA,NA,NA,NA,NA,NA,NA,NA,NA,NA,NA,NA,"bb4"
"133",0,0.400856895329273,0,0,0,0,0.599143104670727,0,0,0,0,0,0,0,0,0,"bb4"
"134",NA,NA,NA,NA,NA,NA,NA,NA,NA,NA,NA,NA,NA,NA,NA,NA,"bb4"
"135",NA,NA,NA,NA,NA,NA,NA,NA,NA,NA,NA,NA,NA,NA,NA,NA,"bb4"
"136",NA,NA,NA,NA,NA,NA,NA,NA,NA,NA,NA,NA,NA,NA,NA,NA,"bb4"
"137",NA,NA,NA,NA,NA,NA,NA,NA,NA,NA,NA,NA,NA,NA,NA,NA,"bb4"
"138",0,0,0,0,0,0,1,0,0,0,0,0,0,0,0,0,"bb4"
"139",0,0,0,0,0,0,0,0.90759212046878,0,0.0924078795312203,0,0,0,0,0,0,"bb4"
"140",0,0.172906846974396,0,0,0,0,0,0.647932789108529,0,0.179160363917075,0,0,0,0,0,0,"bb4"
"141",0,0,0,0,0,0,0,0.551634688103708,0,0.448365311896292,0,0,0,0,0,0,"bb4"
"142",0,0,0,0,0,0,0,0.497192971927833,0,0.375285598420246,0,0,0,0,0,0.127521429651921,"bb4"
"143",0,0,0,0,0,0,0,1,0,0,0,0,0,0,0,0,"bb4"
"144",0,0.0280994521896381,0.0530294806216118,0,0,0.00983474196747802,0.120602086129586,0,0.0135337442109197,0.115802847797854,0.466538593706027,0.0243215828316505,0,0,0.168237470545235,0,"bb4"
"145",0,0,0.0363798636233381,0,0,0.0547246204913353,0,0,0.0679513051927317,0.125657228237633,0.540011026512244,0.010553313079272,0,0,0.164722642863446,0,"bb4"
"146",0,0.0132614455098946,0.0549308564459362,0,0,0.00958438317316239,0.0276195987883862,0,0.023691875692102,0.0694498904449353,0.558732179652515,0.0455452473252169,0,0,0.197184522967851,0,"bb4"
"147",0,0,0.058855878670562,0,0,0.0283395389965971,0.00830959407429123,0,0.047207352136686,0.14078057635423,0.494940433620813,0.015560367540699,0,0,0.206006258606121,0,"bb4"
"148",0.0721522719271176,0.185002102089447,0.0865773511934321,0.023967236516061,0,0,0.0891993638235068,0.0206367787483796,0.052527858902235,0.419362432929614,0,0.01417315141055,0,0.0364014524596561,0,0,"bb4"
"149",0,0.0167554153711378,0,0,0,0,0.154584485126847,0,0.0252021822548789,0.491576779530562,0.282885684121781,0,0,0.0198449952164873,0,0.00915045837830584,"bb4"
"150",0.062347472654775,0.121550350596148,0.087318344894533,0.0289195999588815,0,0,0.0824737793360254,0.0462551726543038,0.0640875163744764,0.444792687860647,0,0.0622550756702105,0,0,0,0,"bb4"
"151",0.0293304598587255,0.196069162869257,0.0503269610769796,0,0,0,0.0758307278723609,0,0.0256573645517326,0.39170420253123,0,0,0,0.231081121239714,0,0,"bb4"
"152",0.0479208932668155,0.18759155318526,0.0428320266204842,0,0,0,0.0791122642992177,0.0110334762780945,0.0519380892985002,0.472559313500871,0.0238417695256455,0.0413893491042332,0.016530465507537,0.0252507994133416,0,0,"bb4"
"153",0.0549723897269164,0.240285251723317,0.0688964366150268,0,0,0,0.089243233293264,0,0.0426890809814353,0.362416855150272,0.0237605651923064,0,0,0.117736187317462,0,0,"bb4"
"154",0,0,0,0,0,0,0,0,0,1,0,0,0,0,0,0,"bb4"
"155",0,0.155435282644225,0,0,0,0,0,0,0,0.543271118461688,0.152589024385742,0,0,0.148704574508345,0,0,"bb4"
"156",0.105932711034986,0.198102403084099,0,0,0,0,0.0662599311073985,0,0,0.500884010511586,0.12882094426193,0,0,0,0,0,"bb4"
"157",0,0.0686685709076654,0.070811562346063,0,0,0,0.0847258915271349,0,0.037714768435247,0.475669900469189,0.2624093063147,0,0,0,0,0,"bb4"
"158",NA,NA,NA,NA,NA,NA,NA,NA,NA,NA,NA,NA,NA,NA,NA,NA,"bb4"
"159",0.0378940545166869,0,0,0,0,0,0.062758671396498,0,0,0.899347274086815,0,0,0,0,0,0,"bb4"
"160",0,0.0348598714124888,0.0919812517602912,0,0,0,0.0394079300323771,0,0,0.833750946794843,0,0,0,0,0,0,"bb4"
"161",0,0,0,0,0,0,0,0,0,1,0,0,0,0,0,0,"bb4"
"162",0,0,0,0.344730108221682,0,0,0.126259473058552,0,0,0.45730783402663,0.0717025846931362,0,0,0,0,0,"bb4"
"163",0,0.104211791794492,0,0.121868496679592,0,0,0.0281522197079849,0,0.0677522695467065,0.649702213370028,0,0,0,0.0283130089011965,0,0,"bb4"
"164",0.0270073558847498,0,0,0,0,0,0.0782165832326516,0,0,0.894776060882599,0,0,0,0,0,0,"bb4"
"165",0.0987041817316723,0.256120285079964,0,0,0,0,0.172399156759063,0,0,0.44772380841444,0.0250525680148612,0,0,0,0,0,"bb4"
"166",0.114013973619412,0.0429678531606265,0,0,0,0,0.130792336447106,0,0,0.343565986782836,0.323907964675803,0,0,0,0.0447518853142167,0,"bb4"
"167",0,0,0.0258511126911251,0,0,0,0.0600425353036721,0.0901491302657987,0,0.761724870053008,0.0622323516863966,0,0,0,0,0,"bb4"
"168",0.126225129058964,0.405565947120158,0,0,0,0,0,0,0,0.378995852099235,0.0763920244232126,0,0,0,0.0128210472984297,0,"bb4"
"169",0.0963435420721507,0.212119045575765,0.103358283464627,0.0233446240173374,0.0392293387718782,0,0.0301939491734381,0,0,0.161115599513591,0.266416951901426,0,0,0,0.0678786655097862,0,"bb4"
"170",0.106064797179648,0.540740436636639,0.0810736317692218,0,0,0,0.00933897485169785,0,0,0.213494789732563,0.0230040485374628,0,0,0,0.0262833212927681,0,"bb4"
"171",0.160751022084619,0.283107582287172,0,0,0,0,0,0,0,0.540221179679872,0.0159202159483374,0,0,0,0,0,"bb4"
"172",0.0314383206221271,0.436732929193745,0,0,0,0,0,0,0,0.531828750184128,0,0,0,0,0,0,"bb4"
"173",0.0473325236695932,0.0774131442356037,0.0157610441458611,0.0116391338699248,0,0,0.0833879721681808,0,0,0.612061259749259,0.142071954443295,0,0,0,0.010332967718283,0,"bb4"
"174",0.0341785486721973,0.263515210341716,0,0.0272018825325235,0,0,0.106920714176004,0,0,0.174347031528904,0.348768865069979,0.00888502824518021,0,0,0,0.0361827194334957,"bb4"
"175",0.106267048354019,0.179914450169243,0,0,0,0,0,0,0,0.307807721271573,0.0449116898645793,0,0,0,0,0.361099090340585,"bb4"
"176",0,0.296627893696093,0,0,0,0,0,0,0,0.676097458036044,0.0272746482678625,0,0,0,0,0,"bb4"
"177",0,0.282978887358496,0,0,0,0,0,0,0,0.717021112641504,0,0,0,0,0,0,"bb4"
"178",0,0.293357636950588,0.0649870842171057,0.0215196162219645,0,0,0.0211634451646865,0,0,0.273117600176226,0.230353646964278,0.0244219288796835,0,0,0.0710790414254685,0,"bb4"
"179",0.112024954223368,0.294740382973425,0,0,0,0,0,0,0,0.443297943169967,0.0229189238844226,0.0582384334633931,0,0,0.0199012143057015,0.0488781479797231,"bb4"
"180",0.19550667615692,0.3225232790203,0,0,0,0,0,0,0,0.411831399650627,0.053670710353443,0,0,0,0,0.01646793481871,"bb4"
"181",0.0700191870996442,0.378759097102174,0,0,0,0,0.0323122685100878,0,0,0.518909447288094,0,0,0,0,0,0,"bb4"
"182",0,0.195631563625388,0.075385397604816,0,0,0,0.0222595073754108,0,0,0.544485092119968,0.162238439274417,0,0,0,0,0,"bb4"
"183",0.0852074541581178,0.101598307406478,0,0.0229791170435805,0,0,0.0232603570839051,0,0,0.594344652680991,0.0679723231274974,0.0213855570898163,0,0,0.0832522314096138,0,"bb4"
"184",0.0465656079603917,0.214391813104975,0,0,0,0,0.128179945980588,0,0,0.350326882322375,0.260535750631671,0,0,0,0,0,"bb4"
"185",0.174728309266344,0.303447334228844,0,0,0,0,0,0,0,0.521824356504812,0,0,0,0,0,0,"bb4"
"186",0.173009166498784,0.337656533203906,0,0,0,0,0,0,0,0.427480031335434,0.035567558647676,0,0,0,0.0262867103142007,0,"bb4"
"187",0.0591544070991187,0.238971314044781,0.0518564817994762,0.0142069298057593,0,0,0.0816304142333612,0,0,0.18486762004895,0.272750041461513,0,0,0,0.0375062903382028,0.059056501168837,"bb4"
"188",0.0100397509829116,0.178929458296859,0.0321312301763637,0.0112299085181437,0,0,0.137670230015588,0,0,0.416385581058319,0.197200960756643,0.0164128801951716,0,0,0,0,"bb4"
"189",0.0299332144355837,0.0311858641508664,0.0341729564071509,0.0370534027376461,0,0,0.0751737453635446,0.0289980083985954,0.0384371005442521,0.417100861747088,0.307944846215273,0,0,0,0,0,"bb4"
"190",0.154384148574709,0.0866980993355858,0.0482372676084879,0.00884193001684179,0,0,0.0361505595150648,0,0.00970511938239112,0.572291058102296,0.0836918174646234,0,0,0,0,0,"bb4"
"191",0.135880724201098,0.132669065655378,0,0,0,0,0,0,0,0.562542028542374,0.1074726177594,0,0,0,0,0.0614355638417492,"bb4"
"192",0.0210119060421219,0.0426198713249564,0.00684339745541728,0.0602564326796553,0,0,0.00854909783227143,0,0.0219547443871359,0.51589052622523,0.315409732417991,0,0,0,0,0.00746429163522071,"bb4"
"193",0.0310260634964722,0.179105347526475,0,0.0132560088791616,0,0.0105958156902679,0,0,0.0968206081492158,0.382747080351681,0.26002306415344,0.0264260117532862,0,0,0,0,"bb4"
"194",0.0846047720892027,0.0827804490116181,0.0301046829769466,0.080697631491369,0,0,0,0,0.0302525831637688,0.395940483140392,0.283631314225172,0.0119880839015308,0,0,0,0,"bb4"
"195",0,0.214156094884446,0.0640944926643625,0,0,0,0.0530840321910279,0,0,0.3363628992556,0.100775170235892,0.231527310768672,0,0,0,0,"bb4"
"196",0.0852675082568169,0.0461796666006785,0.0447621224278852,0.0495332565864865,0,0,0.0356303035483877,0,0.0459617492784671,0.163195654239793,0.523395364038222,0.00607437502326244,0,0,0,0,"bb4"
"197",0,0.0767887353103474,0.162535133091779,0.0154548948736179,0,0,0,0,0,0.710452916613736,0.0347683201105195,0,0,0,0,0,"bb4"
"198",0.175363506363263,0.0441706954263896,0,0.0927534194392159,0,0,0.0485641202202237,0,0,0.594136463689712,0.0450117948611959,0,0,0,0,0,"bb4"
"199",0,0.066598106632624,0.0721804116233413,0.0403988369673935,0,0,0,0,0,0.672745268998317,0.0164241926228906,0,0,0,0,0.131653183155434,"bb4"
"200",0.0601783272744152,0.0558392667840791,0,0.0596661520531934,0,0,0.0653711893251677,0,0.0190162422045658,0.432041663274931,0.178879299435527,0.0175091737994837,0,0,0.0443960606871228,0.0671026251615143,"bb4"
"201",0.118592083234007,0.0570245563278775,0.061128138209399,0.0324094371763849,0,0,0.0714406739218467,0,0.0374055741192908,0.4007474783324,0.212087531315914,0,0,0,0.00916452736287911,0,"bb4"
"202",0.0564806579722802,0.21636131367695,0,0.0108649669759891,0,0.0269550439891696,0,0,0.0552471756508066,0.365500634939054,0.258191723801005,0.0103984829947453,0,0,0,0,"bb4"
"203",0.203142412072407,0.119302102014855,0.084886909843446,0,0,0,0.0153061066312816,0,0,0.451356234102571,0,0.0322509501781781,0,0,0,0.0937552851572613,"bb4"
"204",0.13802228288168,0.158138052709382,0,0.0180202366795442,0,0,0,0,0.0369441057974358,0.595479891694214,0.0533954302377444,0,0,0,0,0,"bb4"
"205",0.045261426773057,0.0335431400305808,0,0.0119323625835661,0,0,0.0223065799473896,0,0,0.506602680764178,0.354843209512977,0.0255106003882518,0,0,0,0,"bb4"
"206",0.122443750918394,0,0,0,0,0,0.0337937123482875,0,0,0.675263742352891,0.0251655965145892,0.143333197865838,0,0,0,0,"bb4"
"207",0.155000653069294,0.199821422368689,0,0.0398068701538013,0,0,0,0,0.0149296034638051,0.501214778261953,0.0609180600683543,0,0,0,0.0105842916243665,0.0177243209897368,"bb4"
"208",0.0285876615557794,0.053909088654347,0.0910083992152032,0,0,0,0.125661360159896,0,0,0.549834917165741,0.150998573249032,0,0,0,0,0,"bb4"
"209",0.165662112782483,0.00961686395130693,0.0229942206513845,0.0414031306553372,0,0,0,0,0,0.371373759798306,0.316352336722031,0,0,0.0725975754391514,0,0,"bb4"
"210",0.106976404011398,0,0.0335397704966239,0.0120340436630309,0,0,0,0,0,0.741989318292091,0.0754206599404934,0.0300398035963628,0,0,0,0,"bb4"
"211",0.110763841573102,0.207001947127182,0,0.127748646533072,0,0,0.0167826987567665,0,0,0.537702866009877,0,0,0,0,0,0,"bb4"
"212",0.211880345152627,0.0695605264014848,0.0392833169186902,0.0535295941774546,0,0,0,0,0,0.489292942077927,0.115541211973795,0,0,0,0,0.0209120632980211,"bb4"
"213",0.0520809093456022,0.0313446807864471,0,0,0,0,0.0679483518755166,0,0,0.691594239127245,0.121854758500378,0.0351770603648116,0,0,0,0,"bb4"
"214",0.0738955375515539,0.0354438997567686,0.0326827334363893,0.0668313809163886,0,0,0,0,0.0579253400254489,0.399656205030471,0.33356490328298,0,0,0,0,0,"bb4"
"215",0.142353533592182,0.0924073623305969,0.0516464868588843,0.0228994793619846,0,0,0.0760194435832244,0,0.0161045938584603,0.521286129594428,0.07728297082024,0,0,0,0,0,"bb4"
"216",0.0270844308319805,0.0444311545357866,0,0,0,0,0,0,0.144188034259268,0.438686568298915,0.269335116311187,0.0762746957628627,0,0,0,0,"bb4"
"217",0.0814814650179431,0,0.0594957927974606,0.0139706782644821,0,0,0.0582940831939424,0,0,0.705510465347096,0.0812475153790753,0,0,0,0,0,"bb4"
"218",0.137767487541881,0.0139745603105133,0.0560885227218449,0.0770818788620713,0,0,0,0,0.0543807744512639,0.316671585688423,0.344035190424003,0,0,0,0,0,"bb4"
"219",0.0283236939069505,0.0811877339455275,0,0.0170919454202543,0,0,0,0,0,0.603814181098955,0.224365349157688,0.0452170964706251,0,0,0,0,"bb4"
"220",0.0131084938946927,0.0344549515392553,0.0351676659592345,0.0527133522151919,0,0,0.0130174084977894,0,0.0290368788834234,0.550857444732323,0.20295320425683,0,0,0,0.0369899582221441,0.0317006417991154,"bb4"
"221",0.0998723924698273,0.0444348159454762,0,0.0213884907550045,0,0,0.0441843259300014,0.015069921529134,0,0.645277796916108,0.129772256454448,0,0,0,0,0,"bb4"
"222",0.056984300644938,0.0204882327384082,0.0894999173517341,0,0,0,0,0,0,0.720155534495729,0.112872014769191,0,0,0,0,0,"bb4"
"223",0.133646740997534,0.330639733236067,0,0.0257678013930304,0,0,0.0195864697703343,0,0.0571691633569927,0.245956134891237,0.0310091859828391,0.0991936961270792,0,0,0,0.0570310742448856,"bb4"
"224",0,0.148033246924567,0.0163719795913929,0.0557421476599106,0,0,0,0,0,0.656232872004828,0.0312051328519444,0,0,0,0,0.092414620967357,"bb4"
"225",0.115643847449281,0.167968879315774,0,0,0,0.0748673396758956,0.00850394445606823,0,0.00936042287656361,0.315563777043439,0.250768251390031,0.0217730431946308,0,0.0355504945983181,0,0,"bb4"
"226",0,0.0249294179951493,0,0,0,0,0,0,0,0.700183231979373,0.246798251666534,0.0280890983589436,0,0,0,0,"bb4"
"227",0.171371490913171,0,0.0194873916652956,0.0217078462828842,0,0,0.0648656143677901,0,0.0326784857980286,0.430881531357971,0.185968004297503,0.0622928744195216,0,0,0,0.0107467608978353,"bb4"
"228",0.0635106879175154,0.0682156598525256,0.0801074293932557,0.051705432037185,0,0,0.0313174560161601,0,0.0577205796352976,0.124825810339113,0.469952161147525,0.0526447836614223,0,0,0,0,"bb4"
"229",0.107106507035561,0,0,0.0662667043827939,0,0,0.135676876793157,0,0,0.554993744058219,0.13595616773027,0,0,0,0,0,"bb4"
"230",0.135760526570187,0.0548560033601801,0.0550901397866125,0,0,0,0,0,0,0.513281018611497,0.117269171720871,0.0172682503569406,0,0,0,0.106474889593712,"bb4"
"231",0.102250981984496,0.0751469132289373,0.0911586159002294,0.0685452356331388,0,0.00975938813405464,0.0652078514728815,0,0.0237529273600761,0.329433342039591,0.194199344523358,0,0,0,0.0405453997232377,0,"bb4"
"232",0.054930320176911,0.137668478836828,0,0,0,0,0,0,0.103065166872681,0.338370164985793,0.292326417164963,0.0736394519628241,0,0,0,0,"bb4"
"233",0.141542597555906,0.11245372360366,0.0423621921969058,0.0113061875122018,0,0,0.0298590979496817,0,0.0272272549467555,0.449044249247014,0.176312882643372,0,0,0,0,0.00989181434450239,"bb4"
"234",0.121649263616685,0.189639070242363,0.0655282240537749,0.0233089910638811,0,0,0.0458088017797769,0,0.0514273427953583,0.387676693632922,0.114961612815239,0,0,0,0,0,"bb4"
"235",0.188493734939281,0.0440033387058567,0.0208490278626111,0,0,0,0.0212504930551725,0,0,0.601294501452661,0.0361395725403204,0.087969331444098,0,0,0,0,"bb4"
"236",0.0710992194812714,0.150552556098279,0.0408870301523398,0.0906541260444078,0,0,0.0516862314708614,0.115536280060511,0.02602496181387,0.280692775855551,0.172866819022909,0,0,0,0,0,"bb4"
"237",0.0415430122094829,0.0975545451296757,0,0,0,0,0,0,0,0.682152744254417,0.0738137139897247,0.1049359844167,0,0,0,0,"bb4"
"238",0.123661528080955,0.0875581346849817,0,0.0488102808094432,0,0,0.00790182472324339,0.0456311380885753,0.0331542925685118,0.34101839624898,0.24926540944913,0,0,0,0,0.0629989953461796,"bb4"
"239",0,0,0,0,0,0,0,0,0,0.833932681261485,0.166067318738515,0,0,0,0,0,"bb4"
"240",0.127143622678054,0.336504296641399,0.0215044787274835,0.0936005672363931,0,0,0.015805301568523,0,0,0.0955694536605334,0.232638866000631,0.0518504248354396,0,0,0.0157569313322061,0.00962605731933817,"bb4"
"241",0.0165834550782874,0.491381330719736,0.0256679475552404,0.0355405688931409,0.10249435989504,0,0.0133236529732547,0,0.00339585212334722,0.0541630055535295,0.146084924215658,0.0511097949133508,0,0,0,0.0602551080794151,"bb4"
"242",0.0358245743046125,0.411872481560314,0.0539624591646335,0.0486925232431502,0.0748519182613186,0,0,0,0,0.230409057608148,0.127825853230411,0.00485666779735767,0,0,0,0.0117044648300541,"bb4"
"243",0.0456648347552863,0.408261977762177,0.0247774735706901,0.146376158989938,0.0382437629414963,0,0,0,0.0309901844207147,0.134406938548303,0.157502486133142,0.0137761828782534,0,0,0,0,"bb4"
"244",0.0773490265668088,0.390944253763811,0.0120576067872275,0.0362416695876185,0.0105185789234365,0,0,0,0.00863816774109598,0.167917050301986,0.190227300259911,0.0392333571936251,0,0,0.066872988874479,0,"bb4"
"245",0.045711875563629,0.332319344473333,0.0188654643061346,0.0247257130835632,0,0,0.00874342032268479,0,0.0171266577289279,0.270852087341267,0.188966006628137,0.0926894305523233,0,0,0,0,"bb4"
"246",0.0361142042472636,0.288310619648308,0.0738037658267971,0,0.00635796840398413,0,0.024675401619896,0,0,0.0404528798637607,0.488411569544525,0,0,0,0.041873590845465,0,"bb4"
"247",0.0586334116239238,0.306145606838211,0,0,0.00777897895235904,0,0,0,0,0.38379228912909,0.13137056581018,0.112279147646236,0,0,0,0,"bb4"
"248",0.0453079026605021,0.223394352127169,0.0422455311437085,0.0607655817715631,0.010424030941967,0,0,0,0.0276903245744425,0.126695701399933,0.366927201672184,0.0581384981029334,0,0,0.0165259405196008,0.0218849350859967,"bb4"
"249",0.0335703572330064,0.344070978754921,0,0.057896079449445,0.0806323493316198,0,0.00929134363596978,0,0,0.261085650122633,0.1545747296179,0.0293757849311444,0,0,0.0295027269233601,0,"bb4"
"250",0.0900826251836952,0.234255049575986,0.0277223221582088,0.0630881517868745,0.0273099556855103,0,0.0078518356100378,0,0.0483694329449834,0.157249080450316,0.292960440098253,0.0218641486235486,0,0,0.0292469578825861,0,"bb4"
"251",0.0550043179110835,0.467044491139533,0.0279914419533612,0.0662958188270268,0.0504160982889977,0,0,0,0,0.0865435661954804,0.128506664478767,0.038642240067296,0,0,0.0317515185008054,0.0478038426376492,"bb4"
"252",0.0554108034314412,0.288584039915002,0.00931860544990415,0.122619108699438,0,0,0,0,0.024153978874749,0.215756656543759,0.129052009649742,0.110791418743084,0,0,0.0443133786928811,0,"bb4"
"253",0.057178347925778,0.415824763940953,0.0383816318009786,0.131656406768363,0.0510631934012857,0,0,0,0.0235768754950137,0.106616137477573,0.151692506200059,0.0240101369899951,0,0,0,0,"bb4"
"254",0.0488273636812951,0.410943248040532,0.0264116642261542,0.0673167001347297,0.0389501073485908,0,0,0,0.049210887778541,0.0831127104586537,0.202932979677113,0.0722943386543909,0,0,0,0,"bb4"
"255",0.0780442756701096,0.29521572049536,0.0485379604299073,0.0854216948427016,0.00441474120856757,0,0,0,0,0.0455528155357579,0.352361840664383,0.033127346968165,0,0,0.019980108166454,0.0373434960185943,"bb4"
"256",0.0566713512849753,0.306338741198389,0.0463146196369681,0.0767324363882192,0.0554606849695096,0,0,0,0.00774419102107513,0.14695196688921,0.264422816624391,0.0393631919872624,0,0,0,0,"bb4"
"257",0.0340253295537995,0.37881396399247,0,0.0602221142299616,0,0,0,0,0.00983241077228349,0.252268401317272,0.172271126182766,0.0644487143477133,0,0,0.0233431898902906,0.00477474971344389,"bb4"
"258",0.0817067091309988,0.249669725437017,0.0359357224596765,0.0347944338216482,0.0385770188326056,0,0.00858813421999411,0,0.00540017220907758,0.158511145964208,0.307231340980574,0.0653900335024609,0,0,0.0141955634417396,0,"bb4"
"259",0.0559485116638239,0.52774433489836,0,0.033295730235261,0.0605527451633718,0,0,0,0.0134586662347226,0.130853677213405,0.136853890232697,0.0194465356349743,0,0,0.0130331361654041,0.00881277255797999,"bb4"
"260",0.0458382331461102,0.442092444437774,0.0504778249722115,0.0765557810688008,0.0207037355130427,0,0.0171478018875367,0,0,0.0740426620867279,0.253644163706941,0.0126111555056025,0,0,0.00688619767525242,0,"bb4"
"261",0.102321796456969,0.339761079234876,0.00978504510003044,0.0407677824739634,0.0119303098753377,0,0.0123464846755529,0,0.00435623004568778,0.103696378916925,0.334486434611098,0.0139866505881711,0,0,0.0265618080213894,0,"bb4"
"262",0.0699361939770506,0.315777128139997,0.0364378716025223,0.0836197736701111,0.0439926029514,0,0,0,0,0.0983650131344047,0.223402880912214,0.0460095175090342,0,0,0.0217990044658199,0.0606600136374459,"bb4"
"263",0.0449448656508761,0.181772754480747,0.0215777182693529,0.0457669692226823,0.0186973078176562,0,0,0,0.0269553888822097,0.441881449366376,0.0999166997929645,0.0725021131852829,0,0,0.0459847333318517,0,"bb4"
"264",0.0472565948573583,0.417219772407327,0.00716935620680158,0,0.021485207122296,0,0.0156107524029584,0,0.00751168108701167,0.199536271121894,0.15657240542206,0.127637959372292,0,0,0,0,"bb4"
"265",0.0522982746632435,0.358451355058687,0.00743786447876863,0.0286432747413585,0.00422741007586615,0,0,0,0,0.197762569349852,0.238505287016294,0.0574165097084368,0,0,0.0365345809518203,0.018722873955673,"bb4"
"266",0,0,0,0,0,0,0.0218300034371986,0,0.00608238403518538,0,0.813558115055982,0,0,0,0,0.158529497471635,"bb4"
"267",0.557406432561838,0,0,0,0,0,0,0,0,0,0.442593567438162,0,0,0,0,0,"bb4"
"268",0,0,0.0114652104071298,0.0143676378812563,0,0,0,0,0,0,0.59549357752802,0,0,0,0,0.378673574183594,"bb4"
"269",0,0,0,0.0259409241078423,0,0.10138292755383,0.0198385714662396,0,0.0188651985604248,0,0.758270390069511,0,0,0,0,0.075701988242152,"bb4"
"270",0.0120241215900904,0,0,0,0,0,0,0,0,0,0.747907949311853,0,0,0,0,0.240067929098057,"bb4"
"271",0,0,0,0,0,0,0,0,0,0,0.788010824191138,0,0,0,0,0.211989175808862,"bb4"
"272",0,0,0,0,0,0,0,0,0,0,0.898052343924721,0,0,0,0,0.101947656075279,"bb4"
"273",0.0141199967290776,0,0,0,0,0,0,0,0,0,0.755936600595986,0,0,0,0,0.229943402674937,"bb4"
"274",0,0,0.00880578729890194,0.0132622974444376,0,0,0.0155366226200586,0,0,0,0.556453093024907,0,0,0,0,0.405942199611695,"bb4"
"275",0,0,0.0047727755218687,0.00532921308142157,0,0,0,0,0,0,0.680154830765034,0,0,0,0,0.309743180631676,"bb4"
"276",0,0,0,0,0,0,0.0141945550926408,0,0,0,0.770404055149234,0,0,0,0,0.215401389758125,"bb4"
"277",0,0,0,0,0,0,0.00681427774990099,0,0,0,0.918464534944272,0,0,0,0,0.0747211873058271,"bb4"
"278",0.0540618878914835,0.0677878604941309,0,0,0.0783112254415791,0,0,0,0,0.172741270768093,0,0.627097755404714,0,0,0,0,"bb4"
"279",0,0.0182283868739143,0,0.0157341250492104,0.0387090597128413,0,0,0,0,0.269060753303702,0,0.212202242253908,0,0.355451325583945,0,0.0906141072224794,"bb4"
"280",0,0.0311939201317771,0.0239378668853954,0,0,0,0.128024007924151,0,0,0.608951378013915,0,0.207892827044762,0,0,0,0,"bb4"
"281",0.0724452270462564,0.214646630621734,0,0,0.048732716726877,0,0,0,0.0221810425221721,0.479530018336768,0,0.100505887956927,0,0.0502401232616904,0.0117183535275745,0,"bb4"
"282",0.0139062717091393,0.169636644233998,0.037888408708139,0.129962904332961,0,0,0.0318613355010764,0,0.0363075200742152,0.278574111058613,0.0683022283389414,0.182754088323295,0.00726995575755256,0.0132931059648919,0.0302434259971776,0,"bb4"
"283",0,0,0,0,0,0,0,0,0,1,0,0,0,0,0,0,"bb4"
"284",0.0228205066999217,0.0423835748040455,0.013789993449625,0.0408610184537504,0.107326175502381,0.0282942369092813,0,0,0,0.104163896897698,0.0481800671206729,0.175718048510601,0,0.317830618776671,0,0.0986318628753527,"bb4"
"285",0,0.0854319991945286,0.0287170436645389,0.00867900820413717,0.0766918998189838,0,0.0255845485130681,0,0.0126475205366586,0.324496598596413,0,0.325637651339376,0,0.101374707450423,0.0107390226818729,0,"bb4"
"286",0.0702781785842809,0.0214681191327832,0.0108566379411635,0,0.051257329956069,0.0132824605408345,0.0285257327548885,0,0,0.340455596436957,0.0054562443547047,0.327884672329199,0,0.0886006984338523,0,0.0419343295352668,"bb4"
"287",0.112481812802541,0.174894808139674,0,0,0.100880782569548,0.0319999611305497,0,0,0,0.240092628700404,0,0.339650006657284,0,0,0,0,"bb4"
"288",0.0115224085555798,0.103605215565862,0,0,0.0517529823425542,0,0.00565005278825736,0,0,0.107096312094558,0,0.0514574251602423,0,0.656132991224467,0.0127826122684788,0,"bb4"
"289",0.0606896477213671,0.418979674149412,0.0870491822289522,0.0648621211381404,0.0458887475656221,0,0.0437820224325979,0,0.0107951113545411,0.112098283926648,0.0445867434138585,0,0,0,0.111268466068861,0,"bb4"
"290",0.0274769374404369,0.134591861051626,0.0312269330495396,0.134488006417271,0,0,0,0,0.072723322859232,0.419256490743082,0.0621956441207365,0,0,0,0.0768149627692435,0.041225841548832,"bb4"
"291",0.145426732960399,0,0.468103999512571,0,0,0,0,0,0,0.386469267527031,0,0,0,0,0,0,"bb4"
"292",0.054063727789742,0.0640649589780411,0.186795245682648,0,0.00962913416279923,0,0.00716874309750608,0,0.0783431883189799,0.130916202305612,0.379933094191828,0,0,0,0.0481251720919609,0.0409605333808827,"bb4"
"293",0.0168245615655077,0.31835683657153,0.0740886859487857,0.0244552025173475,0.032463947571503,0,0.00468324451401422,0.00459571151174861,0.0888782260249815,0.0774766336074729,0.266270097878869,0,0,0,0.0828969349389898,0.00900991734925028,"bb4"
"294",0.0225288379321428,0.170783731468772,0.017602782863236,0.0958792839261687,0.0165783559930395,0.0835884378408052,0,0.00848788223414268,0.0228889199492859,0.274746504301394,0.120953166348288,0,0,0,0.128384857687501,0.0375772394552254,"bb4"
"295",0.0251569773425548,0.136466223527595,0.107264774941591,0.0939577155495233,0.0681381003265048,0,0.00534041600948317,0,0.0713082709413799,0.204920290930159,0.138589115778201,0.0326337265488065,0,0,0.0731157628906035,0.043108625213599,"bb4"
"296",0.0177637602131881,0.0890571578614869,0.0454896309726488,0.0952522150655084,0.0280328386642365,0,0,0.0296075008919049,0.131768433382505,0.406702392733313,0.0780648623405658,0.0230712564894483,0,0,0.014429323925127,0.0407606274600681,"bb4"
"297",0.076230580396013,0.124106793325488,0.346244092669344,0,0.104297660450896,0,0,0,0.0403450064762965,0.180154600219261,0.128621266462702,0,0,0,0,0,"bb4"
"298",0.0308981092148497,0.51749404499512,0.0665578648554437,0.0245754797722941,0.0269059040335311,0,0,0,0.00809755673303197,0.108593466941808,0.0130189629065671,0.0815993995687487,0,0,0.0722034637602248,0.0500557472183807,"bb4"
"299",0.0169423627962772,0.427801956585443,0,0.0699112477185637,0,0,0,0.0268741215015822,0.0637857490303941,0.263163209615188,0,0,0,0,0.131521352752551,0,"bb4"
"300",0,1,0,0,0,0,0,0,0,0,0,0,0,0,0,0,"bb4"
"301",0.0768021950723737,0.319743413069529,0.0799129440470395,0.0752471279779549,0.0252376058964143,0,0.0379449902065556,0,0.0179324604172417,0.0726782120605255,0.145546626067475,0,0,0,0.12295410902318,0.026000316161711,"bb4"
"302",0.035369587939224,0.140946394068159,0.0251904519743126,0.0781820407377457,0,0,0.0278552687540426,0,0,0.501085778776928,0.126955938405397,0.0342137302196002,0,0,0,0.0302008091245912,"bb4"
"303",0.0749281712604977,0.167742614422189,0.0122414209452842,0.199625529456354,0.00552628888793151,0,0.00744738506172696,0.0185202793188136,0.0475744955782583,0.276281234582237,0.0557926211207438,0,0,0,0.0808876001609717,0.0534323592049927,"bb4"
"304",0.0341276157004911,0.138016431517864,0.196932274377681,0.128337938665227,0.0327764008263969,0,0,0,0.0523801050668687,0.160021633448101,0.157717369100668,0,0,0,0.0525177917644644,0.0471724395322391,"bb4"
"305",0.117868573282685,0.234405318902925,0.203074419299729,0.0527591976512327,0.156087190075021,0,0,0,0,0.190379384056442,0.0454259167319662,0,0,0,0,0,"bb4"
"306",0.109293725315189,0.233047912627664,0.0329136425844162,0.104287665218894,0.0120665828324954,0,0,0,0.0371968910016565,0.293525859056792,0.0360564461857236,0,0,0,0.141611275177169,0,"bb4"
"307",0,0.243261397180156,0,0.0712341854627888,0,0,0,0,0,0.55476979169252,0.0366315095330719,0,0,0,0.0548736697542426,0.0392294463772208,"bb4"
"308",NA,NA,NA,NA,NA,NA,NA,NA,NA,NA,NA,NA,NA,NA,NA,NA,"bb4"
"309",0.0901967163627193,0.159892769897551,0.0647447695524079,0.0545250762241186,0,0,0.0270187925581306,0,0.0354357306226409,0.279735260865017,0.158174695731577,0,0,0,0.0991620830473512,0.0311141051384859,"bb4"
"310",0.0248508050660541,0.331734767075725,0,0.0605629605106776,0,0,0,0.0384353674871839,0,0.46662867988712,0.0605382422719884,0.00971724492294877,0,0,0,0.00753193277830273,"bb4"
"311",0.0432114713953905,0.277071795533945,0,0.0254027346999857,0,0,0.0114468442083039,0.0332737423048845,0,0.556377272452835,0.0449537614645906,0.0082623779400658,0,0,0,0,"bb4"
"312",0.0764845080758118,0.208537345441403,0.0762796505364887,0.147284706870594,0.0202943152374052,0,0.0335729293984254,0,0.00919612904458676,0.166834530389443,0.122392567934897,0,0,0,0.0836611990707242,0.0554621180002209,"bb4"
"313",0.117934909649063,0.323914551116901,0.0781739895101946,0.102209080670606,0,0,0,0,0.00931445023492511,0.0447195917649262,0.0757742231386016,0,0,0,0.236843779563937,0.0111154243508464,"bb4"
