x,y,cell_type,label,size_x,size_y
49.090908,2.159091,Cancer,1,497,498
194.05556,2.9444444,Fibroblasts,2,497,498
36.972221000000005,6.5,Cancer,3,497,498
287.94565,8.554348,Cancer,4,497,498
343.17856,6.8571429,Cancer,5,497,498
230.71666000000002,7.516666900000001,Cancer,6,497,498
265.94287,7.1142859,Cancer,7,497,498
297.79105,6.7910447,Cancer,8,497,498
220.64151,6.943396099999999,Cancer,9,497,498
103.84348,4.5478263,Fibroblasts,10,497,498
126.75701000000001,6.775701,Fibroblasts,11,497,498
141.55844,8.584415400000001,Fibroblasts,12,497,498
202.58903999999998,7.8356166,Fibroblasts,13,497,498
327.89816,7.25,Cancer,14,497,498
89.52873199999999,6.551724,Cancer,15,497,498
71.442307,10.394231,Cancer,16,497,498
345.29999,13.075,Cancer,17,497,498
26.150839,14.988826999999999,Cancer,18,497,498
246.70653,11.565217,Cancer,19,497,498
353.2131,13.213115,Cancer,20,497,498
43.99091,12.463636,Fibroblasts,21,497,498
211.84091,12.840909,Cancer,22,497,498
105.75,13.15,Fibroblasts,23,497,498
274.68594,12.933885,Cancer,24,497,498
281.79999,15.3,Cancer,25,497,498
55.968993999999995,15.627907,Cancer,26,497,498
333.78815,15.720339000000001,Cancer,27,497,498
263.92783,16.701031,Cancer,28,497,498
135.41121,17.467289,Fibroblasts,29,497,498
222.4762,16.404761999999998,Cancer,30,497,498
231.69697999999997,16.151516,Cancer,31,497,498
101.75,16.875,Fibroblasts,32,497,498
485.15189000000004,17.202532,Fibroblasts,33,497,498
65.925926,17.555555,Cancer,34,497,498
492.82757999999995,17.793104,Fibroblasts,35,497,498
89.645836,18.6875,Fibroblasts,36,497,498
96.449997,18.6,Fibroblasts,37,497,498
243.35802999999999,19.851851999999997,Cancer,38,497,498
203.85135,19.675676,Cancer,39,497,498
10.054348,20.532608,Cancer,40,497,498
214.07143,20.857143,Cancer,41,497,498
255.38554,21.253012,Cancer,42,497,498
359.77884,21.663462,Fibroblasts,43,497,498
316.25,20.458334,Cancer,44,497,498
74.432991,23.494844,Cancer,45,497,498
323.4881,23.130953,Cancer,46,497,498
225.86842000000001,24.105263,Cancer,48,497,498
234.2,23.82,Cancer,49,497,498
340.70833999999996,24.708334,Fibroblasts,50,497,498
457.17023,24.117022,Fibroblasts,51,497,498
468.02704000000006,28.121622,Fibroblasts,52,497,498
54.433333999999995,27.299999,Fibroblasts,53,497,498
208.72223,27.083334000000004,Cancer,54,497,498
34.127274,27.872726,Fibroblasts,55,497,498
106.50648999999999,27.181818,Fibroblasts,56,497,498
308.22665,27.866667,Cancer,57,497,498
315.66666000000004,28.916665999999996,Cancer,58,497,498
348.3913,28.652174,Fibroblasts,59,497,498
98.701149,30.011494,Cancer,60,497,498
241.25,29.568182,Cancer,61,497,498
140.32727,29.909090000000003,Fibroblasts,62,497,498
88.476189,31.156462,Cancer,63,497,498
215.07407999999998,31.259259999999998,Cancer,64,497,498
395.57144,32.714287,Fibroblasts,65,497,498
46.555557,34.555557,Cancer,66,497,498
151.45283999999998,34.773586,Fibroblasts,67,497,498
187.3,34.200001,Fibroblasts,68,497,498
323.17242000000005,34.534481,Fibroblasts,69,497,498
229.28333999999998,35.238888,Cancer,70,497,498
137.875,37.972221000000005,Fibroblasts,71,497,498
20.778326,36.369457000000004,Cancer,72,497,498
206.88889,38.572651,Cancer,73,497,498
265.81915,38.351063,Fibroblasts,74,497,498
8.195121799999999,39.439026,Cancer,75,497,498
277.0849,39.490565999999994,Fibroblasts,76,497,498
145.3871,40.903225,Fibroblasts,77,497,498
217.14961,42.244095,Cancer,78,497,498
46.595238,40.857143,Fibroblasts,79,497,498
317.97778,41.888889,Fibroblasts,80,497,498
310.01785,41.651787,Cancer,81,497,498
62.80769300000001,43.589745,Fibroblasts,82,497,498
251.54546000000002,43.727272,Fibroblasts,83,497,498
88.603172,45.563492,Cancer,84,497,498
134.32877,45.47945,Fibroblasts,85,497,498
151.82001,45.400002,Fibroblasts,86,497,498
7.068182000000001,48.113636,Cancer,87,497,498
26.858696000000002,48.586956,Cancer,88,497,498
361.20895,47.388062,Fibroblasts,89,497,498
384.86566,48.791046,Fibroblasts,90,497,498
169.05035,50.035973,Fibroblasts,91,497,498
299.14612,49.881279,Cancer,92,497,498
79.71212,51.060608,Cancer,93,497,498
355.04614,52.76923000000001,Fibroblasts,94,497,498
14.132744,52.805308999999994,Cancer,95,497,498
128.46739,54.43478399999999,Fibroblasts,96,497,498
492.55237,53.314285,Cancer,97,497,498
139.30952,54.285713,Fibroblasts,98,497,498
146.63158,53.543861,Fibroblasts,99,497,498
96.103897,54.79221,Cancer,100,497,498
111.62921000000001,52.426968,Cancer,101,497,498
67.63636,55.139393000000005,Cancer,102,497,498
38.777778999999995,56.33333199999999,Fibroblasts,103,497,498
118.96591000000001,56.215908,Fibroblasts,104,497,498
400.33333999999996,57.125,Fibroblasts,105,497,498
24.0,60.5,Cancer,106,497,498
35.833332,60.66666800000001,Cancer,107,497,498
105.15093999999999,59.547169,Fibroblasts,108,497,498
136.02438,61.414635,Cancer,109,497,498
163.70689,61.879311,Vascular SMA+,110,497,498
278.93683,62.863158999999996,Fibroblasts,111,497,498
80.80899000000001,62.19101,Cancer,112,497,498
193.63918,63.876289,Fibroblasts,113,497,498
89.581818,63.636364,Cancer,114,497,498
98.01666999999999,64.800003,Cancer,115,497,498
290.02499,65.199997,Fibroblasts,116,497,498
329.31595,65.30619,Fibroblasts,117,497,498
70.540543,66.0,Cancer,118,497,498
208.2683,66.243904,Cancer,119,497,498
490.59375,67.03125,Cancer,120,497,498
221.85715,69.685715,Cancer,121,497,498
139.62746,69.823532,Fibroblasts,122,497,498
120.54945,71.549454,Cancer,123,497,498
154.51328,68.309738,Fibroblasts,124,497,498
397.12222,71.166664,Fibroblasts,125,497,498
379.98026,71.085526,Cancer,126,497,498
176.38613999999998,70.871284,Fibroblasts,127,497,498
343.8125,72.583336,Fibroblasts,128,497,498
353.07144,73.714287,Fibroblasts,129,497,498
212.08461,74.869232,Cancer,130,497,498
78.97357199999999,75.541847,Cancer,131,497,498
93.534248,76.38356,Cancer,132,497,498
494.60504000000003,76.13445300000001,Fibroblasts,133,497,498
186.13333,73.91111,Fibroblasts,134,497,498
36.119999,75.239998,Fibroblasts,135,497,498
104.30974,73.849556,Cancer,136,497,498
157.24243,76.606064,Vascular SMA+,137,497,498
407.42307,76.57692,Fibroblasts,138,497,498
134.9697,78.404037,Fibroblasts,139,497,498
113.30769,78.20513199999999,T cells,140,497,498
45.185565999999994,79.103096,Cancer,141,497,498
188.28,81.0,Fibroblasts,142,497,498
336.67307,78.096153,Fibroblasts,143,497,498
344.27585,79.620689,Fibroblasts,144,497,498
218.60001,79.533333,Cancer,145,497,498
246.78377999999998,81.270271,Fibroblasts,146,497,498
149.47475,80.303032,Fibroblasts,147,497,498
230.13095,79.613098,Cancer,148,497,498
32.344826,80.81609300000001,Fibroblasts,149,497,498
54.728573,80.5,Cancer,150,497,498
316.28571,81.119049,Fibroblasts,151,497,498
6.686747099999999,80.722893,Cancer,152,497,498
19.717106,83.039474,Cancer,153,497,498
64.859375,80.46875,Cancer,154,497,498
103.925,84.699997,Cancer,155,497,498
222.25455,85.800003,Cancer,156,497,498
416.37903,84.766129,Fibroblasts,157,497,498
486.25442999999996,85.615387,Fibroblasts,158,497,498
59.049999,87.400002,Cancer,159,497,498
241.0,86.5,Fibroblasts,160,497,498
280.11188,85.615387,Fibroblasts,161,497,498
156.20967,88.129036,Fibroblasts,162,497,498
67.928574,87.64286,Cancer,163,497,498
179.0,88.0,Fibroblasts,164,497,498
206.17583,87.307693,Cancer,165,497,498
215.0,88.157898,Cancer,166,497,498
183.5,87.199997,Cancer,167,497,498
248.54385,89.333336,Fibroblasts,168,497,498
337.65115,88.465118,Fibroblasts,170,497,498
5.4590163,91.852463,Cancer,171,497,498
188.92784,93.69072,Fibroblasts,172,497,498
107.13636000000001,92.227272,Cancer,173,497,498
23.028847,93.78846,Cancer,174,497,498
165.65454,92.627274,Fibroblasts,175,497,498
266.3721,93.069771,Cancer,176,497,498
61.705265000000004,94.58946999999999,Cancer,177,497,498
365.65958,94.010635,T cells,178,497,498
439.71429000000006,93.514282,Fibroblasts,179,497,498
198.89285,92.64286,Fibroblasts,180,497,498
338.51352,95.675674,Fibroblasts,181,497,498
347.9375,95.4375,Fibroblasts,182,497,498
119.55264,96.842102,Fibroblasts,183,497,498
215.63597000000001,97.96929899999999,Cancer,184,497,498
305.51614,95.548386,Cancer,185,497,498
153.01137,98.715912,Fibroblasts,186,497,498
317.04544,97.227272,Fibroblasts,187,497,498
491.42908,99.619377,Cancer,188,497,498
38.512314,99.650246,Cancer,189,497,498
166.86667,100.82222,Fibroblasts,190,497,498
448.0788,97.800003,Cancer,191,497,498
94.960785,99.970589,Cancer,192,497,498
142.83333000000002,101.54444000000001,Fibroblasts,193,497,498
67.19355,102.03226,Cancer,194,497,498
13.496182999999998,101.54198000000001,Cancer,195,497,498
27.573529999999998,104.45588000000001,Cancer,196,497,498
109.58333999999999,102.33334,Fibroblasts,197,497,498
256.40244,102.65854,Fibroblasts,198,497,498
411.00601,101.25301,Fibroblasts,200,497,498
314.53226,105.12903999999999,Fibroblasts,201,497,498
420.8125,104.625,Fibroblasts,202,497,498
57.492188,106.88281,Cancer,203,497,498
131.21687,105.03615,Fibroblasts,204,497,498
225.84,106.24,Fibroblasts,205,497,498
85.085274,109.39535,Cancer,206,497,498
447.40909000000005,107.5,Fibroblasts,207,497,498
101.03076999999999,108.87692,Fibroblasts,208,497,498
351.00943,108.63207,Fibroblasts,209,497,498
168.78999,110.0,Fibroblasts,210,497,498
266.45001,109.28,Fibroblasts,211,497,498
118.46342,112.85366,Fibroblasts,212,497,498
238.60138999999998,112.32168,Fibroblasts,213,497,498
377.88571,112.51428,Fibroblasts,214,497,498
127.71428999999999,113.07143,Fibroblasts,215,497,498
409.26666,111.93333,Fibroblasts,216,497,498
6.916666499999999,114.9375,Cancer,217,497,498
278.44144,113.52252,Fibroblasts,218,497,498
446.66666,115.5,Fibroblasts,219,497,498
40.015503,117.10853,Cancer,220,497,498
151.83333000000002,115.52083999999999,Fibroblasts,221,497,498
258.76746,116.5814,Fibroblasts,222,497,498
96.72940799999999,116.74117,Cancer,223,497,498
124.64706000000001,117.94118,Fibroblasts,224,497,498
190.48206000000002,115.69231,Cancer,225,497,498
362.02127,117.69148999999999,Fibroblasts,226,497,498
143.91953999999998,119.75862,Macrophages,227,497,498
205.36667,116.76666999999999,Fibroblasts,228,497,498
294.07547,115.87736000000001,Macrophages,229,497,498
272.60974,120.58537,Fibroblasts,230,497,498
19.602510000000002,120.14645,Cancer,231,497,498
492.60225999999994,119.76136000000001,Fibroblasts,232,497,498
221.79366000000002,120.0,Fibroblasts,233,497,498
406.60242,120.18073000000001,Fibroblasts,234,497,498
161.29411000000002,120.29411999999999,Cancer,235,497,498
77.117645,120.86765,Cancer,236,497,498
395.21289,122.53548,Fibroblasts,237,497,498
442.69445999999994,121.75,Fibroblasts,238,497,498
173.30768999999998,122.03846000000001,Fibroblasts,239,497,498
301.44595,123.56756999999999,Fibroblasts,240,497,498
87.058823,122.52941000000001,Cancer,241,497,498
181.40909,124.4697,Fibroblasts,242,497,498
57.464001,123.384,Cancer,243,497,498
262.50336,125.69128,Fibroblasts,244,497,498
96.5,126.31481000000001,Myoepithelial,245,497,498
122.20338999999998,126.35593,Fibroblasts,246,497,498
497.38707999999997,126.19355,Cancer,247,497,498
189.30556,127.41666000000001,Cancer,248,497,498
201.94029,126.71642,Fibroblasts,249,497,498
243.40953,126.37143,Fibroblasts,250,497,498
321.0,126.5,Fibroblasts,251,497,498
291.44287,127.25713999999999,Fibroblasts,252,497,498
445.66666,126.75,Macrophages,253,497,498
465.375,127.4375,Fibroblasts,254,497,498
43.587502,127.8375,Fibroblasts,255,497,498
217.49152999999998,129.16949,Fibroblasts,256,497,498
106.29213999999999,128.7191,Fibroblasts,257,497,498
330.0,130.0,Fibroblasts,258,497,498
79.92308,130.75,Fibroblasts,259,497,498
440.25,131.125,Fibroblasts,260,497,498
137.5,132.2,Fibroblasts,261,497,498
247.97297999999998,132.81081,Fibroblasts,262,497,498
53.36841999999999,132.89473,Cancer,263,497,498
254.75,132.5,Fibroblasts,264,497,498
270.23077,132.5,Fibroblasts,265,497,498
306.77109,133.50603,Macrophages,266,497,498
61.849998,136.53,Cancer,267,497,498
229.78767000000002,132.63699,Fibroblasts,268,497,498
363.51614,132.66936,Fibroblasts,269,497,498
494.36365,133.92046000000002,Fibroblasts,270,497,498
24.816092,134.74713,Cancer,271,497,498
88.088608,135.08861000000002,Fibroblasts,272,497,498
14.336634,133.97028999999998,Cancer,273,497,498
33.289474,133.5,Cancer,274,497,498
196.1579,135.03159,Fibroblasts,275,497,498
446.33334,137.96454,Fibroblasts,276,497,498
72.428574,138.48413,Cancer,277,497,498
118.625,136.95,Fibroblasts,278,497,498
148.25555,135.21111000000002,Fibroblasts,279,497,498
45.772358000000004,138.78049,Cancer,280,497,498
156.14035,136.66666999999998,Fibroblasts,281,497,498
163.33823999999998,138.82353,Fibroblasts,282,497,498
178.87233999999998,137.80852,T cells,283,497,498
294.95001,138.58333000000002,Fibroblasts,284,497,498
33.259258,140.66666999999998,Fibroblasts,285,497,498
236.3,139.88333,Fibroblasts,286,497,498
267.13333,139.85001,Fibroblasts,287,497,498
117.44827,142.51724,Fibroblasts,288,497,498
277.16843,141.09474,Fibroblasts,289,497,498
361.0,142.39131,Fibroblasts,290,497,498
102.41489,142.29787,Fibroblasts,291,497,498
322.79999,142.89999,Fibroblasts,292,497,498
298.81082000000004,144.81081,Fibroblasts,293,497,498
389.87912,143.10988999999998,Fibroblasts,294,497,498
13.077586,145.44827,Cancer,295,497,498
23.865385,146.55768999999998,Fibroblasts,296,497,498
112.33333999999999,146.88889,Fibroblasts,297,497,498
153.45615,147.0351,Fibroblasts,298,497,498
143.30556,147.83333000000002,Fibroblasts,299,497,498
229.15625,146.71875,Fibroblasts,300,497,498
253.06329,146.70886000000002,Fibroblasts,301,497,498
417.07043,145.66197,Fibroblasts,302,497,498
55.338234,147.64706,Cancer,303,497,498
238.80852000000002,147.25533000000001,Fibroblasts,304,497,498
32.809525,147.09525,Cancer,305,497,498
176.9863,150.0,Fibroblasts,306,497,498
386.14755,151.01639,Fibroblasts,307,497,498
96.770493,149.39345,Fibroblasts,308,497,498
41.811764000000004,151.22353,Cancer,309,497,498
80.533745,150.43558000000002,Cancer,310,497,498
242.0,152.2,Fibroblasts,311,497,498
270.89898999999997,151.88889,Fibroblasts,312,497,498
62.924243999999995,151.39394,Cancer,313,497,498
28.549999,152.45,Cancer,314,497,498
197.30986000000001,152.46478000000002,Fibroblasts,315,497,498
219.55263,152.07895,Fibroblasts,316,497,498
6.7295084,152.99181000000002,Cancer,317,497,498
117.67647,154.29411000000002,Cancer,318,497,498
159.06897,156.1207,Fibroblasts,319,497,498
211.96875,157.28906,Fibroblasts,320,497,498
348.66666000000004,156.80952,Fibroblasts,321,497,498
95.36364,157.31818,Fibroblasts,322,497,498
145.27551,157.30612,Fibroblasts,323,497,498
32.555557,157.66666999999998,Cancer,324,497,498
103.51219,159.0,Cancer,325,497,498
70.109589,158.36986000000002,Cancer,326,497,498
47.875,160.08333000000002,Cancer,327,497,498
57.276596,160.65958,Cancer,328,497,498
80.025002,161.05,Cancer,329,497,498
355.83673,159.95918,Fibroblasts,330,497,498
228.92715,160.31788999999998,Fibroblasts,331,497,498
39.5,162.15625,Cancer,332,497,498
324.80219,161.0,Fibroblasts,333,497,498
29.838709,162.70967,Cancer,334,497,498
435.57266,161.36751999999998,Fibroblasts,335,497,498
287.66666000000004,162.33333000000002,Fibroblasts,336,497,498
194.45713999999998,163.39999,Fibroblasts,337,497,498
125.81818,163.72028,Cancer,338,497,498
4.6078429000000005,165.7549,Cancer,339,497,498
427.32144000000005,164.82143,Cancer,340,497,498
110.42857,165.03572,Fibroblasts,341,497,498
73.55319200000001,167.25533000000001,Fibroblasts,342,497,498
239.3271,167.48598,Fibroblasts,343,497,498
327.42426,168.15152,Fibroblasts,344,497,498
357.58333999999996,167.38889,Fibroblasts,345,497,498
56.04166800000001,168.33333000000002,Cancer,346,497,498
85.555557,169.46031000000002,Fibroblasts,347,497,498
15.268292,170.36586,Cancer,348,497,498
65.136986,171.10959,Cancer,349,497,498
104.92308,170.1282,Fibroblasts,350,497,498
443.51665999999994,169.22501,Cancer,351,497,498
378.07144,170.35715,Fibroblasts,352,497,498
190.08411,171.243,Fibroblasts,353,497,498
44.195488,170.7218,Cancer,354,497,498
417.7258,171.41936,Fibroblasts,355,497,498
114.55932,174.8983,Fibroblasts,356,497,498
53.153847,175.03847,Cancer,357,497,498
214.92207000000002,173.61038,Fibroblasts,358,497,498
181.34546,175.85454,Fibroblasts,359,497,498
28.087719,173.67252,Cancer,360,497,498
465.66187,177.25898999999998,Fibroblasts,361,497,498
79.467743,176.62903,Myoepithelial,362,497,498
393.91666000000004,176.83333000000002,Fibroblasts,363,497,498
59.585365,178.85365,Cancer,364,497,498
385.81946,177.79166999999998,Fibroblasts,365,497,498
299.36621,178.5493,Fibroblasts,366,497,498
349.47726,178.47728,Fibroblasts,367,497,498
369.2034,178.22034,Fibroblasts,368,497,498
158.0,179.0,Fibroblasts,369,497,498
225.12712000000002,179.47458,Fibroblasts,370,497,498
340.56383999999997,179.09575,Fibroblasts,371,497,498
69.41935699999999,179.37097,Fibroblasts,372,497,498
211.33823999999998,181.70588999999998,Fibroblasts,373,497,498
416.336,181.07201,Fibroblasts,374,497,498
37.888889,180.88889,Cancer,375,497,498
138.11818,181.91818,Fibroblasts,376,497,498
449.49789000000004,180.16034,Cancer,377,497,498
237.06535,182.15686000000002,T cells,378,497,498
179.0,182.97144,T cells,379,497,498
45.18182,183.0303,Cancer,380,497,498
83.466667,184.11667,Fibroblasts,381,497,498
294.78262,184.78261,Fibroblasts,382,497,498
395.04348999999996,183.76086,Fibroblasts,383,497,498
109.06487,187.34595,Fibroblasts,384,497,498
53.547947,185.75342,Cancer,385,497,498
100.82353,183.0,Fibroblasts,386,497,498
432.04828,186.7,Cancer,387,497,498
483.15384000000006,186.52884,Cancer,388,497,498
355.2439,186.0,Fibroblasts,389,497,498
72.129036,188.30646000000002,Fibroblasts,390,497,498
170.74046,188.40458999999998,T cells,391,497,498
122.53732,187.47762,Fibroblasts,392,497,498
444.77777000000003,190.74074,Cancer,393,497,498
97.512497,190.5125,Fibroblasts,394,497,498
26.952381,190.09525,Fibroblasts,395,497,498
33.066666,190.0,Cancer,396,497,498
46.525002,191.925,Fibroblasts,397,497,498
196.83018,192.12263000000002,Fibroblasts,398,497,498
347.7561,189.39023999999998,Fibroblasts,399,497,498
116.34615,193.34616,Fibroblasts,400,497,498
355.02631,194.23685,Fibroblasts,401,497,498
466.63982999999996,192.49808000000002,Cancer,402,497,498
416.03604,192.3063,Fibroblasts,403,497,498
38.0,194.29506999999998,Cancer,404,497,498
80.466667,193.77333000000002,Fibroblasts,405,497,498
276.55147999999997,193.37868,B cells,406,497,498
393.16049,194.69136,Fibroblasts,407,497,498
186.59458999999998,193.10811,Fibroblasts,408,497,498
135.70493000000002,195.5246,Fibroblasts,409,497,498
210.09375,195.15625,Fibroblasts,410,497,498
346.61765,197.64706,Fibroblasts,411,497,498
27.615384999999996,198.8,Cancer,412,497,498
9.583333,198.08333000000002,Cancer,413,497,498
181.9375,199.25,Fibroblasts,414,497,498
219.02026,201.32433,Fibroblasts,415,497,498
66.541061,200.08696,Cancer,416,497,498
483.05527,200.49246000000002,Cancer,417,497,498
40.26984,202.07936,Fibroblasts,418,497,498
233.70313,202.48438000000002,Fibroblasts,419,497,498
14.228914999999999,203.52409,Cancer,420,497,498
207.73685,205.0965,Fibroblasts,421,497,498
54.761906,203.80952,Cancer,422,497,498
85.6129,203.98387,Vascular SMA+,423,497,498
155.17911,203.03731000000002,Fibroblasts,424,497,498
120.75471,205.13208,Fibroblasts,425,497,498
418.62088,204.13736,Cancer,426,497,498
93.491226,207.72807,Vascular SMA+,427,497,498
289.51001,206.16,Fibroblasts,428,497,498
27.871796000000003,208.38461,Fibroblasts,429,497,498
61.34066,212.15384,Cancer,430,497,498
101.40426,213.29787000000002,Fibroblasts,431,497,498
18.672131,215.14754,Fibroblasts,432,497,498
134.1282,214.79487999999998,Fibroblasts,433,497,498
234.55556,214.89542999999998,Fibroblasts,434,497,498
489.03604,215.0,Cancer,435,497,498
153.78947,216.21052999999998,Fibroblasts,436,497,498
24.333334,217.66667,Fibroblasts,437,497,498
83.436363,216.10908999999998,Fibroblasts,438,497,498
30.473684000000002,218.5921,Fibroblasts,439,497,498
120.42857,218.5,Fibroblasts,440,497,498
54.18,219.66,Fibroblasts,441,497,498
67.369865,222.04109,Fibroblasts,442,497,498
149.04109,222.36986000000002,Fibroblasts,443,497,498
41.043479999999995,222.46377999999999,Fibroblasts,444,497,498
88.413795,222.96552000000003,Vascular SMA+,445,497,498
78.0,225.0,Fibroblasts,446,497,498
224.4762,224.46031000000002,Fibroblasts,447,497,498
477.16843,225.48421000000002,Fibroblasts,448,497,498
387.35999,227.56,Fibroblasts,449,497,498
427.21924,228.56685,Fibroblasts,450,497,498
489.11719000000005,229.14063,Fibroblasts,451,497,498
45.863636,229.13637000000003,Fibroblasts,452,497,498
60.424243999999995,230.87877999999998,Vascular SMA+,453,497,498
227.3125,232.34375,Fibroblasts,454,497,498
36.451218,232.45122,Cancer,455,497,498
68.293335,232.54666,Fibroblasts,456,497,498
164.04225,233.06339,Fibroblasts,457,497,498
112.36842,234.1579,Fibroblasts,458,497,498
220.16949,236.37287999999998,Fibroblasts,459,497,498
396.77777000000003,236.02222000000003,Fibroblasts,460,497,498
239.33632000000003,238.10762000000003,T cells,461,497,498
383.70587,238.41911000000002,Fibroblasts,462,497,498
492.17647999999997,238.08823999999998,Fibroblasts,463,497,498
270.54544,240.05455,Fibroblasts,464,497,498
28.830189,240.37737,Fibroblasts,465,497,498
59.075756000000005,241.5303,Fibroblasts,466,497,498
426.3125,241.00626,Fibroblasts,467,497,498
17.0,240.57143,Fibroblasts,468,497,498
37.148148,241.81482000000003,Fibroblasts,469,497,498
493.58334,243.91667,Fibroblasts,470,497,498
79.5,243.0,Fibroblasts,471,497,498
154.59322,241.49152999999998,Fibroblasts,472,497,498
176.58333000000002,245.41667,Fibroblasts,473,497,498
132.98181,245.96364,Fibroblasts,474,497,498
106.60784,247.01961,Fibroblasts,475,497,498
373.70001,246.41429,Fibroblasts,476,497,498
87.653847,246.88461,Fibroblasts,477,497,498
213.13332999999997,248.03333999999998,Fibroblasts,478,497,498
489.3143,247.88571000000002,Fibroblasts,479,497,498
28.666665999999996,248.68889,Fibroblasts,480,497,498
481.45947,250.74324,Fibroblasts,481,497,498
39.046875,249.86719,Fibroblasts,482,497,498
180.06667,251.46666000000002,Fibroblasts,483,497,498
52.376472,251.87059,Fibroblasts,484,497,498
83.391304,253.04347,Fibroblasts,485,497,498
445.1915,250.52482999999998,Fibroblasts,486,497,498
19.012346,252.25926,Fibroblasts,487,497,498
70.626663,252.50667,Myoepithelial,488,497,498
421.81875999999994,251.94376,Cancer,489,497,498
496.2963,252.74074,Fibroblasts,490,497,498
62.060607999999995,254.09091,Vascular SMA+,491,497,498
319.04227000000003,253.73238999999998,Fibroblasts,492,497,498
103.28986,256.34783999999996,Fibroblasts,493,497,498
485.27274000000006,257.72726,Fibroblasts,494,497,498
43.545456,258.25455,Fibroblasts,495,497,498
377.82559,259.24417,Fibroblasts,496,497,498
4.5684209000000005,260.8421,Fibroblasts,497,497,498
419.19684,261.96851000000004,Cancer,498,497,498
474.78787,260.0303,Fibroblasts,499,497,498
54.88372,263.70541000000003,Fibroblasts,500,497,498
106.25,263.75,Vascular SMA+,501,497,498
136.44595,264.9054,Fibroblasts,502,497,498
37.637932,265.68967000000004,Fibroblasts,503,497,498
494.7619,264.18369,Cancer,504,497,498
115.53125,267.26563,Vascular SMA+,505,497,498
15.571428,267.2449,Cancer,506,497,498
11.0,273.79999,Fibroblasts,507,497,498
33.348213,275.07144,Fibroblasts,508,497,498
455.73874000000006,271.50452,Cancer,509,497,498
468.14285,271.91837000000004,Fibroblasts,510,497,498
123.05405,273.7027,Fibroblasts,511,497,498
202.91429,271.97713999999996,Fibroblasts,512,497,498
112.38461000000001,276.16483,Fibroblasts,513,497,498
493.88422,276.48422,Cancer,514,497,498
80.07692,276.75,Fibroblasts,515,497,498
68.851067,277.1915,Fibroblasts,516,497,498
397.29578,279.33804,Fibroblasts,517,497,498
48.686275,280.42484,Fibroblasts,518,497,498
319.84337999999997,279.74097,Fibroblasts,519,497,498
432.0889,280.44446,Fibroblasts,520,497,498
455.72415,280.82757999999995,Fibroblasts,521,497,498
463.16666,280.66666000000004,Fibroblasts,522,497,498
482.68604000000005,283.1279,Cancer,523,497,498
125.625,283.375,Fibroblasts,524,497,498
62.877552,284.91837000000004,Macrophages,525,497,498
292.12737999999996,284.45224,T cells,526,497,498
81.553574,285.55356,Fibroblasts,527,497,498
420.53333,284.26666,Cancer,528,497,498
105.89523999999999,286.25714,Cancer,529,497,498
493.11475,287.81967000000003,Cancer,530,497,498
71.695313,290.72656,Fibroblasts,531,497,498
35.736843,288.45029,Fibroblasts,532,497,498
429.73135,289.95523,Fibroblasts,533,497,498
373.32144,289.41427999999996,Fibroblasts,534,497,498
4.6744184,294.13177,Fibroblasts,535,497,498
36.392159,297.72549,T cells,536,497,498
379.54544,296.36365,Fibroblasts,537,497,498
463.45455999999996,297.86365,Fibroblasts,538,497,498
99.125,297.6908,Fibroblasts,539,497,498
57.605713,297.35999,Fibroblasts,540,497,498
417.74521,298.02547999999996,Fibroblasts,541,497,498
229.10362,297.31088,Fibroblasts,542,497,498
436.33657999999997,297.8634,Cancer,543,497,498
451.04321,299.78394,Cancer,544,497,498
47.861111,306.04166000000004,Fibroblasts,545,497,498
21.378788,307.09848,Fibroblasts,546,497,498
62.982456000000006,307.63159,Macrophages,547,497,498
461.94565,307.98913999999996,Fibroblasts,548,497,498
441.61667,309.61667,Fibroblasts,549,497,498
450.85416,310.85416000000004,Fibroblasts,550,497,498
102.06299999999999,310.38583,T cells,551,497,498
37.040649,311.78049,Fibroblasts,552,497,498
52.328125,313.78125,Macrophages,553,497,498
117.44681000000001,312.01065,Fibroblasts,554,497,498
9.0927839,312.91751,Fibroblasts,555,497,498
83.49180600000001,313.57376,Macrophages,556,497,498
469.0,315.71429,Fibroblasts,557,497,498
495.36365,318.50909,Fibroblasts,558,497,498
223.25581,316.83722,Fibroblasts,559,497,498
406.85294,315.59412000000003,Fibroblasts,560,497,498
439.21950999999996,317.31708,Fibroblasts,561,497,498
230.83636,317.47272000000004,Fibroblasts,562,497,498
22.262295,317.36066,Cancer,563,497,498
352.32544,318.3432,Fibroblasts,564,497,498
111.09676999999999,318.58066,Fibroblasts,565,497,498
97.450447,320.73874,Fibroblasts,566,497,498
58.060607999999995,320.32574,Fibroblasts,567,497,498
32.208332,324.85001,Fibroblasts,568,497,498
65.285713,324.57144,Macrophages,569,497,498
389.25,325.25,Fibroblasts,570,497,498
110.68421000000001,325.80701,Fibroblasts,571,497,498
139.48421000000002,325.17896,Fibroblasts,572,497,498
355.61111,326.61111,Macrophages,573,497,498
11.898305,325.59323,Fibroblasts,574,497,498
366.43332000000004,327.20001,Fibroblasts,575,497,498
21.435898,326.89743,Cancer,576,497,498
84.281044,327.71243,Macrophages,577,497,498
349.21875,327.96875,Macrophages,578,497,498
258.36066,329.62296000000003,Fibroblasts,579,497,498
103.64286,330.44644,Fibroblasts,580,497,498
64.64151,330.69812,Fibroblasts,581,497,498
5.0625,331.39583999999996,Fibroblasts,582,497,498
296.55264,331.97369,Fibroblasts,583,497,498
36.53846,333.61539,Macrophages,584,497,498
360.36667,333.5,Fibroblasts,585,497,498
335.30884,334.94852000000003,T cells,586,497,498
15.03125,335.25,Fibroblasts,587,497,498
95.057968,335.20291000000003,Fibroblasts,588,497,498
441.91742,334.22937,Fibroblasts,589,497,498
26.794117,335.97058,Fibroblasts,590,497,498
250.85001,331.17499,Fibroblasts,591,497,498
346.19446,334.91666000000004,Cancer,592,497,498
52.688,335.07198999999997,Fibroblasts,593,497,498
385.66666000000004,336.62222,Cancer,594,497,498
244.20833,338.57501,Cancer,595,497,498
66.196968,338.34848,Fibroblasts,596,497,498
85.564102,337.41025,Fibroblasts,597,497,498
255.1875,340.85938,Fibroblasts,598,497,498
370.70441,338.54717999999997,Fibroblasts,599,497,498
482.85367,339.28455,Fibroblasts,600,497,498
298.33333999999996,339.51236,Vascular SMA+,601,497,498
75.318184,340.27274,Fibroblasts,602,497,498
358.79999,341.02499,Fibroblasts,603,497,498
15.210526000000002,341.89474,Macrophages,604,497,498
42.099998,341.25,Fibroblasts,605,497,498
27.268293,344.79269,Fibroblasts,606,497,498
315.51968,343.70865,Fibroblasts,607,497,498
461.78845,341.65384,Fibroblasts,608,497,498
90.598129,346.67287999999996,Fibroblasts,609,497,498
51.046154,345.96924,Fibroblasts,610,497,498
62.702129000000006,347.61703,Cancer,611,497,498
465.55554000000006,348.28888,Fibroblasts,612,497,498
80.533333,347.26666,Fibroblasts,613,497,498
303.08693999999997,347.3913,Vascular SMA+,614,497,498
346.34328999999997,348.79105,T cells,615,497,498
16.833334,349.06412,Vascular SMA+,616,497,498
356.96667,350.0,Fibroblasts,617,497,498
456.71429000000006,349.28571,Fibroblasts,618,497,498
366.34482,350.90805,Fibroblasts,619,497,498
42.677417999999996,351.7742,Fibroblasts,620,497,498
54.150002,353.75,Fibroblasts,621,497,498
80.63855699999999,354.53012,Macrophages,622,497,498
293.48386,353.67096000000004,Fibroblasts,623,497,498
273.47222999999997,354.77777000000003,Macrophages,624,497,498
317.72857999999997,354.67142,Fibroblasts,625,497,498
216.83562,357.17123,Fibroblasts,626,497,498
328.44446,356.94073,Fibroblasts,627,497,498
66.044777,358.61194,Fibroblasts,628,497,498
46.144737,359.9342,Fibroblasts,629,497,498
406.86365,359.40909,Fibroblasts,630,497,498
279.6915,361.5,Fibroblasts,631,497,498
90.60683399999999,361.76068,Fibroblasts,632,497,498
396.97675,361.04651,T cells,633,497,498
10.122302000000001,364.40286000000003,Fibroblasts,634,497,498
54.28846,363.15384,Fibroblasts,635,497,498
27.4,364.94287,Fibroblasts,636,497,498
60.222221,365.0,Fibroblasts,637,497,498
161.51933,367.68509,T cells,638,497,498
351.43242999999995,364.18917999999996,T cells,639,497,498
241.3578,368.8624,Fibroblasts,640,497,498
359.15216000000004,370.56522,T cells,641,497,498
270.15753,370.23287999999997,Fibroblasts,642,497,498
281.30768,370.46155,Vascular SMA+,643,497,498
58.33333199999999,372.25925,Fibroblasts,644,497,498
97.62376400000001,371.78217,T cells,645,497,498
330.70322000000004,371.43225,Fibroblasts,646,497,498
345.05115,374.54544,Fibroblasts,647,497,498
33.654410999999996,374.11765,Fibroblasts,648,497,498
72.342857,375.45715,Fibroblasts,649,497,498
168.66666999999998,378.70114,Fibroblasts,650,497,498
308.14285,378.23981000000003,Fibroblasts,652,497,498
66.032257,379.06451,Fibroblasts,653,497,498
456.29999000000004,379.76666,Fibroblasts,654,497,498
20.32287,378.33633,Fibroblasts,655,497,498
104.81159,380.84058,Fibroblasts,656,497,498
196.34592,380.90567000000004,T cells,657,497,498
423.76055999999994,381.54929,Fibroblasts,658,497,498
466.67569000000003,381.62161000000003,Fibroblasts,659,497,498
359.33333999999996,381.19299,Cancer,660,497,498
186.69231000000002,381.53845,Fibroblasts,661,497,498
323.72626,384.12289,Fibroblasts,662,497,498
283.88235,387.35294,Fibroblasts,663,497,498
367.29071,387.0,Cancer,664,497,498
220.96227000000002,389.5849,Fibroblasts,665,497,498
56.240382999999994,389.75961,Fibroblasts,666,497,498
89.847954,389.09943,Fibroblasts,667,497,498
186.78667,389.86667,T cells,668,497,498
340.17856,390.15475,Fibroblasts,669,497,498
292.68674,390.10843,Vascular SMA+,670,497,498
463.26144000000005,391.87582000000003,Fibroblasts,671,497,498
158.52632,391.8421,Fibroblasts,672,497,498
359.18823,393.30588,Fibroblasts,673,497,498
378.57895,392.92981000000003,Fibroblasts,674,497,498
484.80295,396.27094,Fibroblasts,675,497,498
106.80383,393.92343,Fibroblasts,676,497,498
295.53125,395.71875,Fibroblasts,677,497,498
314.6644,394.60958999999997,Fibroblasts,678,497,498
188.65169,398.5618,Fibroblasts,679,497,498
235.63841000000002,397.60452000000004,T cells,680,497,498
5.063492299999999,397.98413,Cancer,681,497,498
140.44681,400.31915,Fibroblasts,682,497,498
299.01538,400.76923,Fibroblasts,683,497,498
149.91597,401.68066,Fibroblasts,684,497,498
65.79245,401.37735,Fibroblasts,685,497,498
14.733334,405.13333,Cancer,686,497,498
437.86315999999994,407.73685,Fibroblasts,687,497,498
193.07692,407.86154,Fibroblasts,688,497,498
306.07842999999997,407.92157000000003,Fibroblasts,689,497,498
469.42554,409.14893,Cancer,690,497,498
182.17741,408.9516,Fibroblasts,691,497,498
142.98131,411.98132000000004,Fibroblasts,692,497,498
339.80133,410.34436,Fibroblasts,693,497,498
400.30147999999997,411.52206,Cancer,694,497,498
448.10449000000006,412.49252,T cells,695,497,498
292.27451,412.86929,T cells,696,497,498
302.09375,415.625,Fibroblasts,697,497,498
225.80531000000002,416.1593,Fibroblasts,698,497,498
41.685394,415.42136,Cancer,699,497,498
187.82539,416.80951,T cells,700,497,498
379.81967000000003,417.62296000000003,Fibroblasts,701,497,498
200.0,418.02655,T cells,702,497,498
32.285713,419.7619,Fibroblasts,703,497,498
471.47968,418.47156,Cancer,704,497,498
392.28348,421.62990999999994,Fibroblasts,705,497,498
481.92307,422.38460999999995,Fibroblasts,706,497,498
404.71912000000003,423.70786,Cancer,707,497,498
332.19049,421.5238,Fibroblasts,708,497,498
55.0229,422.51907,Fibroblasts,709,497,498
121.5,424.0,Fibroblasts,710,497,498
188.53125,426.15625,T cells,711,497,498
441.05951,424.7738,Fibroblasts,712,497,498
200.33333000000002,427.34482,T cells,713,497,498
240.17126000000002,426.29834000000005,T cells,714,497,498
381.375,427.5625,Fibroblasts,715,497,498
81.085716,429.25714000000005,Fibroblasts,716,497,498
90.210526,428.26315,Fibroblasts,717,497,498
179.86842,428.75439000000006,Fibroblasts,718,497,498
42.897059999999996,430.29413,Cancer,719,497,498
373.77499,428.54999000000004,Fibroblasts,720,497,498
229.62296,431.0,Fibroblasts,721,497,498
194.05633999999998,434.14084,Macrophages,722,497,498
143.13986,431.1958,Cancer,723,497,498
131.46364,433.95455999999996,Fibroblasts,724,497,498
419.16751,433.07108,Fibroblasts,725,497,498
52.58333199999999,435.78472999999997,Fibroblasts,726,497,498
275.42944,434.50307999999995,Fibroblasts,727,497,498
452.88,438.85000999999994,Fibroblasts,728,497,498
90.955055,441.21912000000003,Fibroblasts,729,497,498
123.51402,441.50467000000003,Fibroblasts,730,497,498
264.70807,440.77017,Fibroblasts,731,497,498
368.51129,440.51129000000003,Fibroblasts,732,497,498
151.35165,441.94507000000004,Fibroblasts,733,497,498
440.0,441.86440999999996,Fibroblasts,734,497,498
172.35333,440.63333,T cells,735,497,498
357.6207,442.38794,Fibroblasts,736,497,498
184.60834,443.39165999999994,T cells,737,497,498
424.11188,446.20977999999997,Fibroblasts,738,497,498
394.8161,445.06897000000004,Fibroblasts,739,497,498
140.07547,445.38678,T cells,740,497,498
493.38530999999995,446.43118,Cancer,741,497,498
236.30693,447.84157999999996,Fibroblasts,742,497,498
292.36572,444.83429,T cells,743,497,498
408.78232,444.69388,Fibroblasts,744,497,498
193.38211,449.13820999999996,T cells,745,497,498
281.78722999999997,448.82977,Cancer,746,497,498
274.13043,450.15942,Fibroblasts,747,497,498
171.12781999999999,452.35339000000005,Fibroblasts,748,497,498
222.02,451.78,Fibroblasts,749,497,498
363.21518,453.73419,Fibroblasts,750,497,498
289.04999,456.98749000000004,T cells,751,497,498
376.03571,455.79465,Fibroblasts,752,497,498
491.55395999999996,457.4964,Cancer,753,497,498
408.36539,455.40384000000006,Fibroblasts,754,497,498
66.199997,456.25455,Cancer,755,497,498
150.75862,456.41379000000006,Fibroblasts,756,497,498
133.79453,456.53424,Fibroblasts,757,497,498
303.73685,457.45615,Fibroblasts,758,497,498
396.98114,458.42453,Fibroblasts,759,497,498
26.561403000000002,458.5965,Fibroblasts,760,497,498
34.897728,458.84090999999995,Fibroblasts,761,497,498
260.38547,459.66479000000004,Fibroblasts,762,497,498
189.29033,460.03225999999995,Fibroblasts,763,497,498
278.13333,460.35555999999997,Fibroblasts,764,497,498
409.69644,462.41070999999994,T cells,765,497,498
428.35540999999995,461.3494,Cancer,766,497,498
167.65306,462.06122,Fibroblasts,767,497,498
15.0,460.94735999999995,Fibroblasts,768,497,498
129.22105,463.54735999999997,Fibroblasts,769,497,498
296.5,463.16666,T cells,770,497,498
20.578947,464.21054000000004,Fibroblasts,772,497,498
270.04761,463.38095,Fibroblasts,773,497,498
227.7482,465.38129000000004,T cells,774,497,498
311.93649,465.41269000000005,Fibroblasts,775,497,498
195.25396999999998,466.41269000000005,T cells,776,497,498
151.05556,466.33334,Fibroblasts,777,497,498
160.42,466.44,Fibroblasts,778,497,498
437.42374,466.44067,Cancer,779,497,498
31.516129,468.01614000000006,Fibroblasts,780,497,498
386.2973,467.93515,Fibroblasts,781,497,498
277.3421,468.92105,Fibroblasts,782,497,498
246.60629,467.94489000000004,Fibroblasts,783,497,498
468.68228,467.72916,Fibroblasts,784,497,498
10.168478,470.53806,Fibroblasts,785,497,498
114.61151000000001,469.66187,T cells,786,497,498
369.44681,468.81384,Fibroblasts,787,497,498
268.1842,471.88159,Fibroblasts,788,497,498
410.34146,470.04877,Cancer,789,497,498
130.60992,473.76595999999995,Fibroblasts,790,497,498
180.91228,473.54385,T cells,791,497,498
254.23404,473.53192,T cells,792,497,498
23.008195999999998,475.63934000000006,Cancer,793,497,498
169.94775,475.82089,Fibroblasts,794,497,498
418.84445,474.94445999999994,Cancer,795,497,498
86.744682,475.74469000000005,Cancer,796,497,498
321.70538,473.69293,Cancer,797,497,498
448.03845,475.35577,Cancer,798,497,498
144.33333000000002,476.24295,Fibroblasts,799,497,498
488.96225,476.22641,Fibroblasts,800,497,498
211.79105,477.2388,Cancer,801,497,498
37.20779,478.48699999999997,Fibroblasts,802,497,498
259.43242999999995,478.94595,T cells,803,497,498
402.72601000000003,477.9863,Cancer,804,497,498
63.289772,479.35225999999994,Fibroblasts,805,497,498
233.95,477.71249000000006,Fibroblasts,806,497,498
329.74359,480.35898,Fibroblasts,807,497,498
344.62964,479.77777000000003,Fibroblasts,808,497,498
361.90741,480.22222999999997,Fibroblasts,809,497,498
244.0594,481.06931,Fibroblasts,810,497,498
479.82525999999996,479.73785,Fibroblasts,811,497,498
222.61818,479.5,Fibroblasts,812,497,498
439.47058,480.2157,Cancer,813,497,498
459.32144000000005,480.07144000000005,Fibroblasts,814,497,498
427.87387,480.86487,Cancer,815,497,498
200.21687,481.67470999999995,Fibroblasts,816,497,498
296.1875,481.91666,Fibroblasts,817,497,498
469.42855999999995,481.08572000000004,Fibroblasts,818,497,498
394.17896,485.2421,Fibroblasts,819,497,498
448.35416,486.92709,Cancer,820,497,498
77.410072,487.30935999999997,Fibroblasts,821,497,498
183.80682,486.04544000000004,Fibroblasts,822,497,498
273.57693,487.05768,Fibroblasts,823,497,498
412.56032999999996,485.8707,Cancer,824,497,498
210.25581,487.41860999999994,Fibroblasts,825,497,498
314.43039,487.3671,Cancer,826,497,498
475.84268,489.75280999999995,Cancer,827,497,498
23.818182,486.43637,Fibroblasts,828,497,498
169.25,486.79166,Fibroblasts,829,497,498
216.70588999999998,488.85294000000005,Fibroblasts,830,497,498
230.77499,488.75,Fibroblasts,831,497,498
293.36206,488.06897000000004,Cancer,832,497,498
337.5849,487.50943,Fibroblasts,833,497,498
329.98148,489.37035999999995,Fibroblasts,834,497,498
32.21875,489.40625,Fibroblasts,835,497,498
174.77142,489.48572,Fibroblasts,836,497,498
462.91860999999994,489.96512,Cancer,837,497,498
221.85715,490.85715,Fibroblasts,838,497,498
422.73215,491.14285,Cancer,839,497,498
89.195122,491.26828,Fibroblasts,840,497,498
201.57953999999998,491.38635,Fibroblasts,841,497,498
404.37314,491.85074000000003,Cancer,842,497,498
42.251968,490.80315999999993,Cancer,843,497,498
123.66233999999999,490.54544000000004,Fibroblasts,844,497,498
133.88889,492.33334,Fibroblasts,845,497,498
101.09821,492.07144000000005,Fibroblasts,846,497,498
434.28975999999994,493.375,Cancer,847,497,498
55.112904,492.64517,Fibroblasts,848,497,498
280.85294,493.20587,Fibroblasts,849,497,498
19.34375,492.875,Fibroblasts,850,497,498
154.82222,493.73334000000006,Fibroblasts,851,497,498
245.05882000000003,493.64705999999995,Cancer,852,497,498
163.66666999999998,496.46875,Cancer,853,497,498
297.77472,495.84067000000005,Fibroblasts,854,497,498
27.08,496.16,Fibroblasts,855,497,498
451.66666,496.27927,Cancer,856,497,498
224.12372000000002,497.60825,Fibroblasts,857,497,498
116.55556000000001,496.77777000000003,Fibroblasts,858,497,498
415.44681,498.54254000000003,Fibroblasts,859,497,498
